id,tenant_id,rent_request_id,amount,created_at
9c4b1927-a48c-4064-bebe-40c87d415060,611ce374-3ba0-4e95-9a85-e2014820882b,8f983c96-a6cb-4bbc-96bb-1b28848193da,4884,2026-02-25 05:20:53.670828+00
63f19984-8c2b-4b67-beb1-4cfa057f23b5,7c0bd264-49d4-4614-a617-0fe8ebf9d005,532be737-2ed9-4a6f-8888-39e4dae41439,4884,2026-02-25 05:20:53.989797+00
55b0de92-c735-43ae-8ed9-cbd078d1dce0,dbc12143-44ad-4546-9fc9-d35b696df3a4,fae5a234-961d-4f89-b5d4-bce71ebc232f,4884,2026-02-25 05:20:54.285039+00
03f9eed1-dc7a-42e1-9273-ddc7e98d5c53,b3f97805-92ec-4d85-9e3c-af0dcccd35b3,b87f5dad-cb27-433f-89bc-46f5be3690f2,4884,2026-02-25 05:20:54.587096+00
a17a7d0f-915e-41a9-854a-74d581667394,3b293a8d-6046-429b-8295-0eb121e88577,3fae669e-1336-4cfd-a401-aa49f88d238a,13601,2026-02-25 05:20:54.907839+00
c889ce6a-97ff-449a-b8dc-c17cd5f19b36,7c0bd264-49d4-4614-a617-0fe8ebf9d005,532be737-2ed9-4a6f-8888-39e4dae41439,4884,2026-02-26 06:00:08.308504+00
af97529b-dff7-4d18-8860-0d3776c9d88b,b3f97805-92ec-4d85-9e3c-af0dcccd35b3,b87f5dad-cb27-433f-89bc-46f5be3690f2,4884,2026-02-26 06:00:08.852905+00
141d7b2b-b2f7-4df6-89e3-3af2747d5d2b,611ce374-3ba0-4e95-9a85-e2014820882b,8f983c96-a6cb-4bbc-96bb-1b28848193da,4884,2026-02-26 08:07:05.91677+00
7a2cc2b1-c7eb-4f3d-9f93-1e363c0ded80,611ce374-3ba0-4e95-9a85-e2014820882b,8f983c96-a6cb-4bbc-96bb-1b28848193da,4884,2026-02-26 08:07:05.971188+00
0df3dded-a1e2-4576-afa0-2bbca8bb3849,7c0bd264-49d4-4614-a617-0fe8ebf9d005,532be737-2ed9-4a6f-8888-39e4dae41439,5000,2026-02-26 20:15:15.314806+00
0666f573-f230-419e-b8fd-1db3376237fa,7c0bd264-49d4-4614-a617-0fe8ebf9d005,532be737-2ed9-4a6f-8888-39e4dae41439,5000,2026-02-26 20:15:15.384638+00
b4b293c7-c857-4b20-8d87-2d476bf831e6,611ce374-3ba0-4e95-9a85-e2014820882b,8f983c96-a6cb-4bbc-96bb-1b28848193da,4884,2026-02-27 06:00:06.941535+00
4d9866ea-473f-4339-82da-300f1cbbc255,7c0bd264-49d4-4614-a617-0fe8ebf9d005,532be737-2ed9-4a6f-8888-39e4dae41439,4884,2026-02-27 06:00:07.289069+00
2f673f78-9185-45aa-a05e-4f5db88993f6,dbc12143-44ad-4546-9fc9-d35b696df3a4,fae5a234-961d-4f89-b5d4-bce71ebc232f,4884,2026-02-27 06:00:07.537541+00
e6e29005-58ba-4b56-92aa-37e8e7f6f083,b3f97805-92ec-4d85-9e3c-af0dcccd35b3,b87f5dad-cb27-433f-89bc-46f5be3690f2,4884,2026-02-27 06:00:07.790076+00
9de1e0df-26d6-4396-a3ba-87f3a6ad7b8c,3b293a8d-6046-429b-8295-0eb121e88577,3fae669e-1336-4cfd-a401-aa49f88d238a,13601,2026-02-27 06:00:08.02331+00
04b81353-55de-4f5d-b88d-acd5776a3233,b3f97805-92ec-4d85-9e3c-af0dcccd35b3,b87f5dad-cb27-433f-89bc-46f5be3690f2,14652,2026-02-27 08:27:29.238831+00
0ecf9774-ad0f-4532-8a33-40e7250bae3e,b3f97805-92ec-4d85-9e3c-af0dcccd35b3,b87f5dad-cb27-433f-89bc-46f5be3690f2,14652,2026-02-27 08:27:29.297647+00
ada93f5d-d676-43e5-8fa9-4a0ae6221519,7c0bd264-49d4-4614-a617-0fe8ebf9d005,532be737-2ed9-4a6f-8888-39e4dae41439,5000,2026-02-27 08:49:24.965514+00
03f5feca-97d5-4c85-b973-4dc16b78bfd3,7c0bd264-49d4-4614-a617-0fe8ebf9d005,532be737-2ed9-4a6f-8888-39e4dae41439,5000,2026-02-27 08:49:25.018143+00
8cbb9cd7-c974-4be1-a125-2c30bb79d318,3b293a8d-6046-429b-8295-0eb121e88577,3fae669e-1336-4cfd-a401-aa49f88d238a,13601,2026-02-27 20:26:25.509586+00
708b930c-de6d-4b6d-b15d-e20a09a7bb9a,3b293a8d-6046-429b-8295-0eb121e88577,3fae669e-1336-4cfd-a401-aa49f88d238a,13601,2026-02-27 20:26:25.572971+00
982d6b11-e174-44bf-a498-07455af4a976,611ce374-3ba0-4e95-9a85-e2014820882b,8f983c96-a6cb-4bbc-96bb-1b28848193da,4884,2026-02-28 06:00:02.582731+00
23f78f3d-e9f6-4b35-b3ee-fc7f6f33cb5e,7c0bd264-49d4-4614-a617-0fe8ebf9d005,532be737-2ed9-4a6f-8888-39e4dae41439,4884,2026-02-28 06:00:03.082761+00
4948c4f0-70e6-4a73-9ee7-87b09d2fa7fe,b3f97805-92ec-4d85-9e3c-af0dcccd35b3,b87f5dad-cb27-433f-89bc-46f5be3690f2,4884,2026-02-28 06:00:03.566903+00
95e8a24a-530e-4b89-af0c-e7f72ab8e551,3b293a8d-6046-429b-8295-0eb121e88577,3fae669e-1336-4cfd-a401-aa49f88d238a,13601,2026-02-28 06:00:03.839892+00
83ba832a-9ebf-4a10-a621-ce74a9891251,611ce374-3ba0-4e95-9a85-e2014820882b,8f983c96-a6cb-4bbc-96bb-1b28848193da,5000,2026-02-28 15:46:28.10812+00
ef90dd11-fd0d-4791-9a86-92aa68f42e96,611ce374-3ba0-4e95-9a85-e2014820882b,8f983c96-a6cb-4bbc-96bb-1b28848193da,5000,2026-02-28 15:46:28.158033+00
48d55bf3-1627-4bf2-a172-3b22c40768e9,972f4990-1c4e-4c96-a220-9c9463f58dbf,6be06a42-edfa-43f6-b642-f4a5ad5aa578,9500,2026-02-28 17:21:24.148577+00
f7834def-f72a-4930-bfe9-2d0139f79560,972f4990-1c4e-4c96-a220-9c9463f58dbf,6be06a42-edfa-43f6-b642-f4a5ad5aa578,9500,2026-02-28 17:21:24.200511+00
3034eb32-3ea3-4008-a6b2-636b576a44a4,611ce374-3ba0-4e95-9a85-e2014820882b,8f983c96-a6cb-4bbc-96bb-1b28848193da,4884,2026-03-01 06:00:07.091601+00
cb512354-0adf-4ff9-98e7-05dcb14e2070,7c0bd264-49d4-4614-a617-0fe8ebf9d005,532be737-2ed9-4a6f-8888-39e4dae41439,4884,2026-03-01 06:00:07.414497+00
d43ccdd1-fcf9-44ed-871f-cbc093332f92,b3f97805-92ec-4d85-9e3c-af0dcccd35b3,b87f5dad-cb27-433f-89bc-46f5be3690f2,4884,2026-03-01 06:00:07.987706+00
855b43e0-1dee-41a0-bcdc-bc3b6d48a47f,3b293a8d-6046-429b-8295-0eb121e88577,3fae669e-1336-4cfd-a401-aa49f88d238a,13601,2026-03-01 06:00:08.349556+00
651a7957-08b6-4bef-ae76-867c6a9720c8,dbc12143-44ad-4546-9fc9-d35b696df3a4,fae5a234-961d-4f89-b5d4-bce71ebc232f,9000,2026-03-01 18:55:43.972433+00
a832391f-6444-4d2e-b0f5-8ef7e8a210d4,dbc12143-44ad-4546-9fc9-d35b696df3a4,fae5a234-961d-4f89-b5d4-bce71ebc232f,9000,2026-03-01 18:55:44.029559+00
585b5d5f-f92d-47b7-bd70-1f1db8e6c693,611ce374-3ba0-4e95-9a85-e2014820882b,8f983c96-a6cb-4bbc-96bb-1b28848193da,4768,2026-03-02 06:00:02.687807+00
978d07d0-8e8d-4e09-bb02-20c45adc89d5,611ce374-3ba0-4e95-9a85-e2014820882b,8f983c96-a6cb-4bbc-96bb-1b28848193da,116,2026-03-02 06:00:02.8023+00
e85fcd6c-743e-4f78-870b-58a20e5b6961,7c0bd264-49d4-4614-a617-0fe8ebf9d005,532be737-2ed9-4a6f-8888-39e4dae41439,4884,2026-03-02 06:00:03.150189+00
bdd6eb54-2c2a-4ea8-83b1-d7ae019d457c,dbc12143-44ad-4546-9fc9-d35b696df3a4,fae5a234-961d-4f89-b5d4-bce71ebc232f,4884,2026-03-02 06:00:03.452231+00
6c2eda16-69e8-462a-b562-63cbc100131f,b3f97805-92ec-4d85-9e3c-af0dcccd35b3,b87f5dad-cb27-433f-89bc-46f5be3690f2,4884,2026-03-02 06:00:03.75587+00
3f1a2723-958d-4f3a-8351-cbba24408c15,dbc12143-44ad-4546-9fc9-d35b696df3a4,fae5a234-961d-4f89-b5d4-bce71ebc232f,18000,2026-03-02 09:22:03.644023+00
48c979ad-1f7c-4055-becd-b238de99e277,dbc12143-44ad-4546-9fc9-d35b696df3a4,fae5a234-961d-4f89-b5d4-bce71ebc232f,18000,2026-03-02 09:22:03.712948+00
f01a95d3-0e7a-44f7-971a-be760cdce401,7c0bd264-49d4-4614-a617-0fe8ebf9d005,532be737-2ed9-4a6f-8888-39e4dae41439,5000,2026-03-02 19:48:35.257995+00
a84bdd32-35f8-4272-8232-2cf64831657a,7c0bd264-49d4-4614-a617-0fe8ebf9d005,532be737-2ed9-4a6f-8888-39e4dae41439,5000,2026-03-02 19:48:35.307654+00
dd9f738b-d51e-44f6-9ccb-7438e4194484,611ce374-3ba0-4e95-9a85-e2014820882b,8f983c96-a6cb-4bbc-96bb-1b28848193da,4884,2026-03-03 06:00:07.064606+00
74fa3994-e81d-477f-811a-0fdf4c3b58e7,7c0bd264-49d4-4614-a617-0fe8ebf9d005,532be737-2ed9-4a6f-8888-39e4dae41439,4884,2026-03-03 06:00:07.362272+00
3851a929-2c89-4c36-b23a-a993c73c79fa,dbc12143-44ad-4546-9fc9-d35b696df3a4,fae5a234-961d-4f89-b5d4-bce71ebc232f,4884,2026-03-03 06:00:07.614766+00
17a82b12-a4c2-439c-b8ff-d12f66084cdf,dbc12143-44ad-4546-9fc9-d35b696df3a4,fae5a234-961d-4f89-b5d4-bce71ebc232f,4884,2026-03-04 06:00:06.409833+00
154a785b-8d48-417f-a6ed-bdc5368da517,dbc12143-44ad-4546-9fc9-d35b696df3a4,fae5a234-961d-4f89-b5d4-bce71ebc232f,50000,2026-03-05 05:06:21.286179+00
fc5797ec-c815-46c9-9e83-a45de7ec6572,dbc12143-44ad-4546-9fc9-d35b696df3a4,fae5a234-961d-4f89-b5d4-bce71ebc232f,191604,2026-03-05 05:06:51.292837+00
7ecd6e53-b815-46ab-8325-0f973d5585bb,611ce374-3ba0-4e95-9a85-e2014820882b,8f983c96-a6cb-4bbc-96bb-1b28848193da,253836,2026-03-05 05:10:44.910186+00
4c38c91c-e9c9-45e3-9b75-452be7f8b480,7c0bd264-49d4-4614-a617-0fe8ebf9d005,532be737-2ed9-4a6f-8888-39e4dae41439,4272,2026-03-08 06:00:01.450157+00
02542d66-6c3d-4714-be5a-c240de24e51a,7c0bd264-49d4-4614-a617-0fe8ebf9d005,532be737-2ed9-4a6f-8888-39e4dae41439,4884,2026-03-08 06:00:01.519542+00
2a15f19c-30a6-475d-be7e-b44bdb265ca2,b3f97805-92ec-4d85-9e3c-af0dcccd35b3,b87f5dad-cb27-433f-89bc-46f5be3690f2,4884,2026-03-08 06:00:01.857833+00
49ae79a7-bb73-4f87-bc67-7112230ae825,b3f97805-92ec-4d85-9e3c-af0dcccd35b3,b87f5dad-cb27-433f-89bc-46f5be3690f2,4884,2026-03-08 06:00:01.911916+00
1b7c5d14-4cee-4192-a566-58acba9ab9a7,dbc12143-44ad-4546-9fc9-d35b696df3a4,fae5a234-961d-4f89-b5d4-bce71ebc232f,4884,2026-03-09 06:54:04.777843+00
c7227717-1413-4622-b403-dd8cbf41bae8,7c0bd264-49d4-4614-a617-0fe8ebf9d005,532be737-2ed9-4a6f-8888-39e4dae41439,4884,2026-03-09 06:54:05.10174+00
e9509dd4-69be-4501-9f13-801750c2e73a,611ce374-3ba0-4e95-9a85-e2014820882b,8f983c96-a6cb-4bbc-96bb-1b28848193da,4884,2026-03-09 06:54:05.641866+00
4711d8f1-bb6b-481d-af80-3a2128fa571c,dbc12143-44ad-4546-9fc9-d35b696df3a4,fae5a234-961d-4f89-b5d4-bce71ebc232f,4884,2026-03-10 06:00:06.798937+00
42b8a6a8-c405-45bb-9ba4-dc8fb01aa5dc,dbc12143-44ad-4546-9fc9-d35b696df3a4,fae5a234-961d-4f89-b5d4-bce71ebc232f,4884,2026-03-11 06:00:10.741173+00
cc4f7ca0-4011-431d-be8a-3c26ce13e9bf,b3f97805-92ec-4d85-9e3c-af0dcccd35b3,b87f5dad-cb27-433f-89bc-46f5be3690f2,4884,2026-03-12 06:00:14.580173+00
b5455213-a8c3-4696-853c-28eefbe2742b,b3f97805-92ec-4d85-9e3c-af0dcccd35b3,b87f5dad-cb27-433f-89bc-46f5be3690f2,4884,2026-03-12 06:00:14.695384+00
391830fe-84a3-4d69-82fe-5cb3a4ee04e2,7f5c1d63-75c4-4b29-9f60-95f357f17f1e,8e355f65-434d-4794-8db6-21c91e40685d,55868,2026-03-12 07:55:17.563005+00
322181e7-92fb-4193-a971-478525dc90d6,7f5c1d63-75c4-4b29-9f60-95f357f17f1e,8e355f65-434d-4794-8db6-21c91e40685d,55868,2026-03-12 07:55:17.620258+00
db201d57-ef64-4d3b-b7a5-08533acaeca9,7f5c1d63-75c4-4b29-9f60-95f357f17f1e,8e355f65-434d-4794-8db6-21c91e40685d,13967,2026-03-13 06:00:04.870583+00
16a534c7-c05b-4f20-b2ff-b874596609d2,b3f97805-92ec-4d85-9e3c-af0dcccd35b3,b87f5dad-cb27-433f-89bc-46f5be3690f2,9600,2026-03-14 07:02:23.703168+00
3d5a4116-d681-4062-b8e9-5623b4e3eb1d,611ce374-3ba0-4e95-9a85-e2014820882b,8f983c96-a6cb-4bbc-96bb-1b28848193da,8000,2026-03-14 07:06:43.190515+00
206eff64-cb76-41de-8608-1a851531b207,13466296-5806-492b-8324-155c5ff2db24,2849983b-8576-49bb-b4e4-7c83d90815cc,8700,2026-03-14 18:38:14.578268+00
6722d647-543f-4cde-a081-28e7458c628f,dbc12143-44ad-4546-9fc9-d35b696df3a4,fae5a234-961d-4f89-b5d4-bce71ebc232f,4884,2026-03-18 06:00:01.889202+00
d116f0ed-d8ab-410b-a034-8817b25b4d5e,dbc12143-44ad-4546-9fc9-d35b696df3a4,fae5a234-961d-4f89-b5d4-bce71ebc232f,4884,2026-03-18 06:00:01.955241+00
957b78d9-4261-4019-8ffc-2c76a78988b7,7f5c1d63-75c4-4b29-9f60-95f357f17f1e,8e355f65-434d-4794-8db6-21c91e40685d,13967,2026-03-18 06:00:02.764555+00
d1e2cfaf-8be6-4b97-8141-2c56a30672b4,7f5c1d63-75c4-4b29-9f60-95f357f17f1e,8e355f65-434d-4794-8db6-21c91e40685d,13967,2026-03-19 06:00:02.737664+00
fe25c3d8-6603-4674-a98d-813529789aa8,533e1d60-bbbe-4aaf-8534-419e1e1e73aa,cd8ee3bc-10ee-49d7-a841-0498a8a0b7d7,21000,2026-03-23 16:50:36.044639+00
794f0406-4f14-4bb5-852b-a4b0a9b446f0,533e1d60-bbbe-4aaf-8534-419e1e1e73aa,cd8ee3bc-10ee-49d7-a841-0498a8a0b7d7,21000,2026-03-23 16:50:36.104848+00
eaadda81-1ace-455b-a639-35fe688efc30,b3f97805-92ec-4d85-9e3c-af0dcccd35b3,b87f5dad-cb27-433f-89bc-46f5be3690f2,14652,2026-03-24 11:54:52.443127+00
4cf71ce2-e275-4731-9582-5a4100ef83c9,b3f97805-92ec-4d85-9e3c-af0dcccd35b3,b87f5dad-cb27-433f-89bc-46f5be3690f2,14652,2026-03-24 11:54:52.491175+00
b4872b3a-cea2-422c-b865-d1ca4d37dbf8,5c2616a1-770d-452a-805e-ef7a5cb6e29b,6d8fc400-a68d-40d0-b669-c139e87f7cfa,18000,2026-03-24 13:11:43.59679+00
5b59a8bd-33da-4045-937a-e7125d37ec3b,5c2616a1-770d-452a-805e-ef7a5cb6e29b,6d8fc400-a68d-40d0-b669-c139e87f7cfa,18000,2026-03-24 13:11:43.672121+00
b26079d1-eeb5-4b41-b728-6b7677277e53,bc5c8ec0-2ff7-4d7d-9d8b-7dd1270f8b72,6c01de75-7f25-4750-b98f-9b277226d08e,15000,2026-03-24 13:13:56.272531+00
d5e409d8-e2bf-4382-8751-ed52320b9c54,bc5c8ec0-2ff7-4d7d-9d8b-7dd1270f8b72,6c01de75-7f25-4750-b98f-9b277226d08e,15000,2026-03-24 13:13:56.33404+00
819c38fc-f1f7-420d-bd41-d73f3c59e9a5,c64f6ad4-18b3-4cbf-a77e-e079310623c9,f3920202-d815-42de-9d28-581e04e2a986,30000,2026-03-24 13:18:42.481113+00
001344f1-0e2a-4731-8444-d530c731821b,c64f6ad4-18b3-4cbf-a77e-e079310623c9,f3920202-d815-42de-9d28-581e04e2a986,30000,2026-03-24 13:18:42.550458+00
c34fa58b-78d3-4585-ad13-fd14855f40b0,b3f97805-92ec-4d85-9e3c-af0dcccd35b3,b87f5dad-cb27-433f-89bc-46f5be3690f2,4884,2026-03-25 06:00:05.355744+00
c70c49d5-307f-4ee8-b476-6177c6bd9196,b3f97805-92ec-4d85-9e3c-af0dcccd35b3,b87f5dad-cb27-433f-89bc-46f5be3690f2,4884,2026-03-26 06:00:05.253517+00
ecd5bed3-b129-41b2-ab5c-95dea5088f4a,611ce374-3ba0-4e95-9a85-e2014820882b,8f983c96-a6cb-4bbc-96bb-1b28848193da,4884,2026-03-26 06:00:05.701146+00
5b4dab64-cb35-47cc-9554-16970d68f842,611ce374-3ba0-4e95-9a85-e2014820882b,8f983c96-a6cb-4bbc-96bb-1b28848193da,4884,2026-03-26 06:00:05.828395+00
d77b0425-9f09-4752-867d-39a1e1e3f7e0,dbc12143-44ad-4546-9fc9-d35b696df3a4,fae5a234-961d-4f89-b5d4-bce71ebc232f,4884,2026-03-26 06:00:06.556717+00
598e2129-a291-469c-aeac-2154eb0a46ca,dbc12143-44ad-4546-9fc9-d35b696df3a4,fae5a234-961d-4f89-b5d4-bce71ebc232f,4884,2026-03-26 06:00:06.695302+00
3a735cdd-99ba-4648-abf6-1b06218a2159,7c0bd264-49d4-4614-a617-0fe8ebf9d005,532be737-2ed9-4a6f-8888-39e4dae41439,4884,2026-03-26 06:00:07.58409+00
bd434403-3e39-462b-965b-2e5b85f2d12d,7c0bd264-49d4-4614-a617-0fe8ebf9d005,532be737-2ed9-4a6f-8888-39e4dae41439,4884,2026-03-26 06:00:07.687465+00
3ccd2195-c6dc-4fd7-b1d9-458ead3464ca,85f547d1-d279-4ca0-852a-2e8d35b42fba,7130a946-466b-4ddc-8b55-9ad1667f292a,120000,2026-03-26 14:25:28.214701+00
6811eaaf-7a6c-4cda-8ff1-4197cebc418b,85f547d1-d279-4ca0-852a-2e8d35b42fba,7130a946-466b-4ddc-8b55-9ad1667f292a,120000,2026-03-26 14:25:28.270595+00
aae49610-f989-4da2-8087-a198bf49283e,85f547d1-d279-4ca0-852a-2e8d35b42fba,7130a946-466b-4ddc-8b55-9ad1667f292a,90000,2026-03-26 14:31:48.740896+00
04517868-b07e-4183-9e10-d6fe1f5b3914,78803d99-76f2-4f8b-a688-713bb4e705df,b3da5b64-a531-4875-8a86-13a4cb3b3727,150000,2026-03-28 08:12:42.430761+00
65df824c-d527-45fd-acc4-f7b7e243728e,7f5c1d63-75c4-4b29-9f60-95f357f17f1e,8e355f65-434d-4794-8db6-21c91e40685d,38000,2026-03-28 19:39:33.152792+00
46e122bf-ec12-4a7e-ba7e-13c95d6c274a,7f5c1d63-75c4-4b29-9f60-95f357f17f1e,8e355f65-434d-4794-8db6-21c91e40685d,38000,2026-03-28 19:39:33.209229+00
d1e54c39-28e1-4278-92da-e83b04356210,7f5c1d63-75c4-4b29-9f60-95f357f17f1e,8e355f65-434d-4794-8db6-21c91e40685d,7000,2026-03-28 19:40:36.048711+00
a29ef0cc-0452-43cc-b4a4-c06132e62179,7f5c1d63-75c4-4b29-9f60-95f357f17f1e,8e355f65-434d-4794-8db6-21c91e40685d,7000,2026-03-28 19:40:36.111884+00
9e222dca-43a2-49fe-8237-8f53247f920a,bc5c8ec0-2ff7-4d7d-9d8b-7dd1270f8b72,6c01de75-7f25-4750-b98f-9b277226d08e,20000,2026-03-30 09:39:44.864292+00
8c5e3452-7021-4389-a424-43023a6d70b7,bc5c8ec0-2ff7-4d7d-9d8b-7dd1270f8b72,6c01de75-7f25-4750-b98f-9b277226d08e,20000,2026-03-30 09:39:44.921106+00
5b6c1449-1f0d-4af8-89b6-7f9c00a8245e,7f5c1d63-75c4-4b29-9f60-95f357f17f1e,8e355f65-434d-4794-8db6-21c91e40685d,14000,2026-03-30 10:52:34.251187+00
627e6c4c-69d9-4278-b89b-bc0025ce6782,85f547d1-d279-4ca0-852a-2e8d35b42fba,7130a946-466b-4ddc-8b55-9ad1667f292a,200000,2026-03-30 11:16:07.10675+00
8813ebff-4e3a-4afc-9e1f-103570e33a38,b1f7de11-01fa-4cde-975e-43a09086bfb2,75a1c591-3f32-48bd-b344-7339e0f7e8fc,20000,2026-03-30 11:23:22.799668+00
6365095c-03a4-4f0f-aa2c-e46cd399732a,0df8a220-624e-4008-92fb-e31774f8b908,03e68294-83b2-4f5d-a373-ecafc57f7e67,30000,2026-03-30 13:25:36.832052+00
f4fc9ec9-8770-4d06-b3da-12f340da18ee,b1f7de11-01fa-4cde-975e-43a09086bfb2,75a1c591-3f32-48bd-b344-7339e0f7e8fc,10000,2026-03-30 15:59:26.492726+00
b89b7bac-00b0-4811-a086-fd2cb2486b58,c64f6ad4-18b3-4cbf-a77e-e079310623c9,f3920202-d815-42de-9d28-581e04e2a986,10000,2026-03-30 16:00:06.997484+00
3bb8301c-1f08-48aa-b1f5-1d7933c05eaa,0df8a220-624e-4008-92fb-e31774f8b908,03e68294-83b2-4f5d-a373-ecafc57f7e67,30000,2026-03-30 16:00:25.887006+00
5475b99f-ff79-48ad-93a2-3ae432646371,5c2616a1-770d-452a-805e-ef7a5cb6e29b,6d8fc400-a68d-40d0-b669-c139e87f7cfa,10000,2026-03-30 16:04:39.070243+00
459efb80-ed89-4821-810e-bba7929b9150,5c2616a1-770d-452a-805e-ef7a5cb6e29b,6d8fc400-a68d-40d0-b669-c139e87f7cfa,11000,2026-04-02 07:47:41.514485+00
18ee16cd-ba8f-41bf-b42c-6325008d7567,5c2616a1-770d-452a-805e-ef7a5cb6e29b,6d8fc400-a68d-40d0-b669-c139e87f7cfa,29000,2026-04-02 08:07:55.744325+00
2b635bf2-6893-46df-b827-4e9a595f4b2f,7f5c1d63-75c4-4b29-9f60-95f357f17f1e,8e355f65-434d-4794-8db6-21c91e40685d,14000,2026-04-02 09:14:00.474666+00
8b223126-140a-4c1b-a507-27f7616de1c3,7f5c1d63-75c4-4b29-9f60-95f357f17f1e,8e355f65-434d-4794-8db6-21c91e40685d,14033,2026-04-02 09:16:48.934305+00
72f6a7fc-d2b5-479e-a8a3-04e327a58f83,7f5c1d63-75c4-4b29-9f60-95f357f17f1e,8e355f65-434d-4794-8db6-21c91e40685d,14000,2026-04-02 12:34:20.231715+00
c770515a-fa35-4fcd-850f-81120ecb0a63,7f5c1d63-75c4-4b29-9f60-95f357f17f1e,8e355f65-434d-4794-8db6-21c91e40685d,14000,2026-04-02 12:36:51.170924+00
70672698-3fc8-483c-a2e4-9ea24808a9a6,ab1b190e-4fb5-499c-96c7-edae09bac030,08907aab-dad3-4bb5-a277-a228dfcbd300,10000,2026-04-03 09:39:40.119235+00
f517e449-7bcc-4cbb-a3a9-59f41d91afe1,533e1d60-bbbe-4aaf-8534-419e1e1e73aa,cd8ee3bc-10ee-49d7-a841-0498a8a0b7d7,4000,2026-04-03 14:37:44.900296+00
5c054549-e2ef-4b03-92f1-520b292be216,c64f6ad4-18b3-4cbf-a77e-e079310623c9,f3920202-d815-42de-9d28-581e04e2a986,6000,2026-04-03 15:37:40.370723+00
093e063a-2bb2-4f65-8259-4582c4dc55f2,c64f6ad4-18b3-4cbf-a77e-e079310623c9,f3920202-d815-42de-9d28-581e04e2a986,6000,2026-04-03 15:37:54.892202+00
1a1dea32-6303-4541-8503-6d91707621cf,85f547d1-d279-4ca0-852a-2e8d35b42fba,7130a946-466b-4ddc-8b55-9ad1667f292a,40000,2026-04-03 20:37:05.739487+00
6bb0bb81-618d-4dc0-a84b-1a8b7156903c,972f4990-1c4e-4c96-a220-9c9463f58dbf,6be06a42-edfa-43f6-b642-f4a5ad5aa578,500,2026-04-03 20:47:36.918059+00
5d0ca2a7-e5ec-4ed4-b17e-03c7ea785f22,533e1d60-bbbe-4aaf-8534-419e1e1e73aa,cd8ee3bc-10ee-49d7-a841-0498a8a0b7d7,25000,2026-04-03 20:50:09.045296+00
e99dc32d-5e3a-4aaa-8249-e28e52e61c22,972f4990-1c4e-4c96-a220-9c9463f58dbf,6be06a42-edfa-43f6-b642-f4a5ad5aa578,20500,2026-04-03 20:50:57.356052+00
edd30cfb-ffbf-4c25-924e-b55eb21f7e97,c64f6ad4-18b3-4cbf-a77e-e079310623c9,f3920202-d815-42de-9d28-581e04e2a986,50000,2026-04-04 10:41:37.805217+00
a169362c-420b-4f89-a240-8b28505f247c,c64f6ad4-18b3-4cbf-a77e-e079310623c9,f3920202-d815-42de-9d28-581e04e2a986,80000,2026-04-04 10:44:14.745553+00
6a0617c9-bd0f-4c19-ac05-79faaac07338,36d512c6-4864-4e03-94cb-dc1c1263de10,fb427d08-d214-4ba5-8d3e-313178b0849d,7000,2026-04-06 05:05:28.035378+00
4c095426-4bc5-4ef0-afad-56414e14d4f3,36d512c6-4864-4e03-94cb-dc1c1263de10,fb427d08-d214-4ba5-8d3e-313178b0849d,14000,2026-04-07 06:34:16.200806+00
bca44756-111f-4569-8ff3-b190dd51fb66,1de81952-c170-423d-bbcc-08a7b11f9f67,8fee2069-8220-468b-8bb0-99a2af0b2471,30000,2026-04-07 13:49:39.624425+00
47be7a08-661c-4040-b228-1888d8b737f8,1de81952-c170-423d-bbcc-08a7b11f9f67,8fee2069-8220-468b-8bb0-99a2af0b2471,30000,2026-04-07 14:05:09.057799+00
7565f4ce-71ef-46dd-8ecc-36935a59dfdb,629a54c6-7146-4c6e-b593-58f5b49ac2df,08c5fa53-5dc7-49fc-9ae8-276b4fd7bb0b,50000,2026-04-07 14:14:29.146943+00
11d547c7-66f7-478b-a479-f55c07a2f741,629a54c6-7146-4c6e-b593-58f5b49ac2df,08c5fa53-5dc7-49fc-9ae8-276b4fd7bb0b,50000,2026-04-07 14:16:32.462195+00
4af18765-238b-4a01-ae64-2fc825d4280a,0df8a220-624e-4008-92fb-e31774f8b908,03e68294-83b2-4f5d-a373-ecafc57f7e67,10000,2026-04-07 14:26:24.604648+00
62d42fdb-8fe1-430e-ae0c-c810075c7259,0df8a220-624e-4008-92fb-e31774f8b908,03e68294-83b2-4f5d-a373-ecafc57f7e67,130000,2026-04-07 14:33:20.293585+00
d7f61be4-145d-4f08-b4e0-e09875f29703,5c2616a1-770d-452a-805e-ef7a5cb6e29b,6d8fc400-a68d-40d0-b669-c139e87f7cfa,9200,2026-04-08 06:12:40.590285+00
b1fb5500-2c17-4405-a9b6-0a00d8134023,533e1d60-bbbe-4aaf-8534-419e1e1e73aa,cd8ee3bc-10ee-49d7-a841-0498a8a0b7d7,6984,2026-04-08 06:13:34.86446+00
84a5d0c6-33e6-48aa-863e-b1b4ebe33377,9b9ff2eb-59ab-403e-8994-5111100741a5,e2bfaa25-1f18-4898-a7c1-62196b2eb80d,21000,2026-04-09 11:26:13.673269+00
06c837b1-cdd6-426d-9ab4-ec0da86e6664,1ad64cdc-54a9-4c62-b903-7fab6c99f861,abaf87ae-35b8-4fb0-90b7-1f487b523797,21200,2026-04-09 11:30:33.542974+00
4c41b609-70e3-463c-9827-3fdf8c263893,3881a75b-ea5a-417f-b421-fa84e1cc3fca,ba4d0a1a-3f27-482c-a3b9-1d9a18c82f8e,19200,2026-04-09 11:33:42.046576+00
e09fad9f-3982-421c-8f18-c89990270932,7e2346be-f15f-4c81-839f-f4004576de03,db97e1a6-4b38-4ba9-8b7f-c9adf404aff3,19500,2026-04-09 11:35:54.573836+00
8b70c2eb-ff0c-430a-9c82-c5508d57b1a3,b1f7de11-01fa-4cde-975e-43a09086bfb2,75a1c591-3f32-48bd-b344-7339e0f7e8fc,40000,2026-04-09 11:39:06.544484+00
c14d6e74-fb88-468d-8caf-8306e1f7c0b2,ab1b190e-4fb5-499c-96c7-edae09bac030,08907aab-dad3-4bb5-a277-a228dfcbd300,10000,2026-04-10 13:36:31.062267+00
4a4c8be7-3734-4ef5-8d5d-fb479e01f27b,ab1b190e-4fb5-499c-96c7-edae09bac030,08907aab-dad3-4bb5-a277-a228dfcbd300,10000,2026-04-10 13:36:35.367092+00
c66b8169-5390-4cb3-983c-a5ce8cdaddf3,7f5c1d63-75c4-4b29-9f60-95f357f17f1e,2851a2c8-a64d-4d36-af60-1ba6ca876416,16000,2026-04-10 13:37:06.645567+00
8c0d4cc8-aff7-4f94-b14f-88823978d01c,7f5c1d63-75c4-4b29-9f60-95f357f17f1e,2851a2c8-a64d-4d36-af60-1ba6ca876416,16000,2026-04-10 13:37:09.933046+00
914b0042-a266-4db9-b6df-27f3e075551c,7f5c1d63-75c4-4b29-9f60-95f357f17f1e,2851a2c8-a64d-4d36-af60-1ba6ca876416,16000,2026-04-10 13:37:18.743939+00
d4a17b33-69c6-4900-a19f-bb4e0719645c,7f5c1d63-75c4-4b29-9f60-95f357f17f1e,2851a2c8-a64d-4d36-af60-1ba6ca876416,16000,2026-04-13 06:11:33.819067+00
9146a9f7-4763-45cf-a110-2afd90bac485,08eda198-af40-47b2-828f-375b0b484d4c,86fc15f8-eeab-44f6-8da1-151597c44c1f,20000,2026-04-13 10:34:32.362924+00
3055c133-8cd5-437c-9e25-aa014b911fcc,85f547d1-d279-4ca0-852a-2e8d35b42fba,7130a946-466b-4ddc-8b55-9ad1667f292a,780000,2026-04-13 12:33:50.295967+00
49b0386b-b362-4afd-bf74-03b1bd52811e,ffb00733-8174-4256-b48a-59ecbba9322b,ad8c7cfa-f012-4d8f-9fb6-09b0f220d0bd,20000,2026-04-13 12:36:48.133328+00
7a22c7de-7a0a-431f-b114-c1c4b8532f2a,9b9ff2eb-59ab-403e-8994-5111100741a5,e2bfaa25-1f18-4898-a7c1-62196b2eb80d,28000,2026-04-13 12:52:54.474696+00
d981d43f-74d5-440c-8465-07573c4400e2,1de81952-c170-423d-bbcc-08a7b11f9f67,8fee2069-8220-468b-8bb0-99a2af0b2471,107700,2026-04-13 12:53:24.863126+00
65059e58-78c3-447e-8751-68799882ac33,bc5c8ec0-2ff7-4d7d-9d8b-7dd1270f8b72,6c01de75-7f25-4750-b98f-9b277226d08e,5000,2026-04-13 12:58:13.399964+00
abb2616c-36e7-4e40-ade6-4136d8a93845,40cf2e6c-c46a-47a1-817f-f4272abc7526,ef744094-befe-4e24-b12a-5117dd90a914,88000,2026-04-13 12:58:47.721251+00
1dc3a14b-d48a-4d6a-939e-cd3dffedcaf5,1ad64cdc-54a9-4c62-b903-7fab6c99f861,abaf87ae-35b8-4fb0-90b7-1f487b523797,16800,2026-04-13 12:59:20.856678+00
41e3525d-990d-4d5c-b678-d4e16df3946e,3881a75b-ea5a-417f-b421-fa84e1cc3fca,ba4d0a1a-3f27-482c-a3b9-1d9a18c82f8e,10000,2026-04-13 12:59:55.90284+00
33292337-c56c-42ee-bcd7-73377d7adb95,7e2346be-f15f-4c81-839f-f4004576de03,db97e1a6-4b38-4ba9-8b7f-c9adf404aff3,42500,2026-04-13 13:00:58.336602+00
2429de25-07fd-40b1-9d97-23a3e63ab78e,3359c406-35f6-473b-b29c-90124482490f,f82e8d01-809b-4a5e-8dca-11408bbc94f5,20000,2026-04-13 13:50:04.145381+00
9a41e8e1-7493-44ec-a913-21d8bacf2526,08eda198-af40-47b2-828f-375b0b484d4c,86fc15f8-eeab-44f6-8da1-151597c44c1f,23000,2026-04-14 07:25:54.419404+00
