id,tenant_id,agent_id,landlord_id,lc1_id,rent_amount,duration_days,access_fee,request_fee,total_repayment,daily_repayment,status,supporter_id,approved_by,approved_at,funded_at,disbursed_at,created_at,updated_at,approval_comment,rejected_reason,agent_verified,agent_verified_at,agent_verified_by,manager_verified,manager_verified_at,manager_verified_by,schedule_status,number_of_payments,fund_recipient_type,fund_recipient_id,fund_recipient_name,fund_routed_at,tenant_water_meter,tenant_electricity_meter,request_latitude,request_longitude,request_city,request_country,house_category,amount_repaid,next_roi_due_date,total_roi_paid,roi_payments_count,tenant_no_smartphone,tenant_ops_reviewed_by,tenant_ops_reviewed_at,assigned_agent_id,landlord_ops_reviewed_by,landlord_ops_reviewed_at,coo_reviewed_by,coo_reviewed_at,cfo_reviewed_by,cfo_reviewed_at,payout_transaction_reference,payout_method,house_image_urls,registration_type,initial_outstanding_balance
ac2a40b5-c1fa-4a40-9c3e-914a314e4ddd,b1f7de11-01fa-4cde-975e-43a09086bfb2,e3cf4d3a-d021-49e4-b815-7e1938166eeb,54f03540-9e00-4191-bb3b-77859167d0a5,de1abe06-7ff5-4f58-bbed-3e7c0c4b0559,500000.00,30,165000.00,20000.00,685000.00,22834.00,funded,,,,2026-04-13 08:35:11.82+00,,2026-04-10 11:52:17.14345+00,2026-04-13 08:35:11.920086+00,,,f,2026-04-13 07:27:17.268+00,e4f07815-7991-422f-946f-7f351b38e954,f,,,pending_acceptance,1,,,,,,,,,,,double-room,0,,0,0,t,e4f07815-7991-422f-946f-7f351b38e954,2026-04-10 14:02:37.766+00,,e4f07815-7991-422f-946f-7f351b38e954,2026-04-13 07:27:33.463+00,6b7d9eee-4bc8-47ac-a2e6-b84cbaac8bb4,2026-04-13 07:30:07.674+00,6b7d9eee-4bc8-47ac-a2e6-b84cbaac8bb4,2026-04-13 08:35:11.82+00,144793608973,wallet,{},normal,0
dabc9f20-f1a1-46f5-99c0-c8c48b1ca377,7e506ac9-6c46-4fdf-b888-c972bad7350f,,6295d5b8-94fa-4e6b-8cb7-011fab1525b5,7703ce15-a466-46e1-aaab-70a89f164576,500000.00,30,165000.00,20000.00,685000.00,22834.00,rejected,,,,,,2026-01-13 11:45:30.631126+00,2026-01-13 12:34:39.583251+00,,Not clear,f,,,f,,,pending_acceptance,1,,,,,,,,,,,,0,,0,0,f,,,,,,,,,,,wallet,{},normal,0
0f07fabb-ed4b-4524-a171-fb15b26a781e,299ff13b-f2a7-4e9d-9b1b-5915acbf23be,,193a89c8-8702-4515-906b-e49b016f903d,6406d91c-8107-46c8-9a49-cb42502d92e9,100000.00,30,33000.00,10000.00,143000.00,4767.00,rejected,,,,,,2026-01-12 15:27:39.138649+00,2026-01-13 12:35:47.20081+00,,anonymous,f,,,f,,,pending_acceptance,1,,,,,,,,,,,,0,,0,0,f,,,,,,,,,,,wallet,{},normal,0
d4c49baf-871c-4489-a67a-9fdc07267300,ffe40b18-7987-46a7-b147-c3adfaf4227a,c8fa49e5-b3a7-41c6-a100-d5d4f83b12f9,c64fd7d8-24d0-4e71-9bb4-07e6f900264b,9909a9e4-b496-4cff-89b7-6ff04daaed9e,220000.00,60,145200.00,10000.00,375200.00,6254.00,rejected,,,,,,2026-02-12 22:50:02.100646+00,2026-02-26 09:23:18.321779+00,,Rejected by manager,f,,,f,,,pending_acceptance,1,,,,,,,,,,,,0,,0,0,f,,,,,,,,,,,wallet,{},normal,0
532be737-2ed9-4a6f-8888-39e4dae41439,7c0bd264-49d4-4614-a617-0fe8ebf9d005,fbcebe2e-f3da-41d9-bf53-ab4dc1cc55fa,c6391f74-f303-442b-b6a0-e3d61407c2e7,bde48509-9786-4fd6-b0be-5127fe46915e,160000.00,60,123024.00,10000.00,293024.00,4884.00,funded,,99890a2e-b842-4d44-8516-e2eafe0711ff,2026-02-17 08:14:54.396+00,2026-02-24 10:09:14.791465+00,,2026-02-17 08:03:08.607015+00,2026-04-01 09:18:58.453664+00,Approved ,,f,,,t,2026-02-17 08:13:00.459+00,,active,1,,,,,,,,,,,single-room,87996,,0,0,f,,,,,,,,,,,wallet,{},normal,0
56680c5b-197c-4d39-b4af-a4e7006d4d91,52663e11-ccc1-4caf-b1a9-a12308af3c4c,,099d6f8b-a351-439f-99f0-43c0395ca16c,59c5a4d9-cae6-476b-823e-486ef246a46f,250000.00,30,82500.00,10000.00,342500.00,11417.00,rejected,,,,,,2026-02-21 22:55:45.736995+00,2026-04-02 07:00:47.32131+00,,Rejected by manager,f,,,f,,,pending_acceptance,1,,,,,,,,,,,2-bed,0,,0,0,f,,,,,,,,,,,wallet,{},normal,0
6071327b-8c52-411c-bf28-3d1ebd9bafff,972f4990-1c4e-4c96-a220-9c9463f58dbf,,93a2bd09-ce74-4b94-88fc-f1b466ebf2df,bd9eab3f-2452-411f-a9bb-8ae21c1ad4cb,100000.00,30,33000.00,10000.00,143000.00,4767.00,rejected,,,,,,2026-02-11 09:28:52.570149+00,2026-03-26 08:22:20.173851+00,,Rejected by manager,f,,,t,2026-02-17 07:28:08.997+00,,pending_acceptance,1,,,,,,,,,,,,0,,0,0,f,,,,,,,,,,,wallet,{},normal,0
2e5e0a97-d5bd-480d-8fd1-18ec7ab0f774,7e506ac9-6c46-4fdf-b888-c972bad7350f,,80475b23-e37f-4b3b-9773-2fee34d90189,de83ad14-b36f-4558-900c-b4c1955c20a2,500000.00,30,165000.00,20000.00,685000.00,22834.00,rejected,,,,,,2026-01-29 09:04:03.358474+00,2026-03-26 08:22:20.181091+00,,Not eligible,t,2026-01-30 10:21:21.816+00,,f,,,pending_acceptance,1,,,,,,,,,,,,0,,0,0,f,,,,,,,,,,,wallet,{},normal,0
6be06a42-edfa-43f6-b642-f4a5ad5aa578,972f4990-1c4e-4c96-a220-9c9463f58dbf,,0b8d9c74-e92a-45fc-bbf9-a74714b1eb7e,be2c1719-47db-4e0f-a8e1-9f0915f26a16,450000.00,90,608687.00,20000.00,1078687.00,11986.00,funded,7e506ac9-6c46-4fdf-b888-c972bad7350f,7e506ac9-6c46-4fdf-b888-c972bad7350f,2026-01-18 12:50:59.669+00,2026-01-18 13:03:05.508+00,,2026-01-13 11:43:14.656477+00,2026-04-03 20:50:57.356052+00,Approved,,f,,,f,,,pending_acceptance,1,,,,,,,,,,,,110374,2026-04-19 06:00:05.645+00,135000,2,f,,,,,,,,,,,wallet,{},normal,0
661bb49a-4c84-4991-b2fe-8ccbce8de3c6,7e506ac9-6c46-4fdf-b888-c972bad7350f,,62a20d96-e56b-401b-a648-e73c4e4643b2,1fef3fb3-481f-4bcf-b61c-249e76c0a01d,300000.00,30,99000.00,20000.00,419000.00,13967.00,rejected,,,,,,2026-02-23 08:21:37.948007+00,2026-02-24 06:50:16.696486+00,,Rejected by manager,f,,,f,,,pending_acceptance,1,,,,,,,,,,,,0,,0,0,f,,,,,,,,,,,wallet,{},normal,0
7a5f2418-fa5d-465a-9d66-3e0a03703bec,cf2a1f23-0255-4869-9999-dc3ca8898fdf,cf2a1f23-0255-4869-9999-dc3ca8898fdf,01d76d22-ae9b-497d-b822-2d6d04085895,8ae8bb72-6f43-4b51-8ef0-35159853d265,300000.00,30,99000.00,20000.00,419000.00,13967.00,rejected,,,,,,2026-02-11 18:51:19.94519+00,2026-03-24 12:39:34.637258+00,,Reject,f,,,t,2026-02-17 08:37:57.991+00,7e506ac9-6c46-4fdf-b888-c972bad7350f,pending_acceptance,1,,,,,,,,,,,,0,,0,0,f,e4f07815-7991-422f-946f-7f351b38e954,2026-03-24 12:39:32.808+00,,,,,,,,,wallet,{},normal,0
c8347f66-8ac2-4ed0-ac11-b6f148999fc2,eea87e0a-b0e6-451d-b536-0e8ae041e1a2,eea87e0a-b0e6-451d-b536-0e8ae041e1a2,5a9bd5fd-d7cc-4a7f-885f-03e632bb641b,a8fa0b61-5026-445d-9a3e-4787ae21e737,5000000.00,90,6763185.00,20000.00,11783185.00,130925.00,rejected,,,,,,2026-02-12 14:42:14.41821+00,2026-03-26 08:52:11.769136+00,,Rejected by manager,f,,,t,2026-02-17 07:35:15.621+00,,pending_acceptance,1,,,,,,,,,,,,0,,0,0,f,,,,,,,,,,,wallet,{},normal,0
daf75963-0769-4dcc-a1e4-0eb651674e77,64f25e03-09fc-4280-823b-711d8a07e912,972f4990-1c4e-4c96-a220-9c9463f58dbf,4f294fb9-606b-4b7c-ac69-7d2eab56d15f,0d9be9f0-4095-49a3-b574-8fc23904edb5,200000.00,30,66000.00,10000.00,276000.00,9200.00,rejected,,,,,,2026-02-19 09:39:16.316442+00,2026-03-26 09:08:11.046883+00,,No formal documents,f,,,f,,,pending_acceptance,1,,,,,,,,,,,commercial,0,,0,0,f,e4f07815-7991-422f-946f-7f351b38e954,2026-03-26 09:08:10.7+00,,,,,,,,,wallet,{},normal,0
cd8ee3bc-10ee-49d7-a841-0498a8a0b7d7,533e1d60-bbbe-4aaf-8534-419e1e1e73aa,e3cf4d3a-d021-49e4-b815-7e1938166eeb,663fc5e4-fe95-4e7e-ac0a-e6013db49f7b,e75b7de9-da87-47dc-896d-ba3b0147e29e,150000.00,30,49500.00,10000.00,209500.00,6984.00,disbursed,,,,2026-03-23 13:12:34.108+00,2026-03-23 13:12:34.108+00,2026-03-18 10:55:54.521765+00,2026-04-08 06:13:34.86446+00,Paid,,t,2026-03-21 13:18:16.704+00,,f,,,pending_acceptance,1,,,,,,,,,,,single-room,77984,,0,0,f,cf561688-b3a2-4f62-b9c1-67ee7b36ff2b,2026-03-21 13:09:01.795+00,,cf561688-b3a2-4f62-b9c1-67ee7b36ff2b,2026-03-21 13:19:01.599+00,cf561688-b3a2-4f62-b9c1-67ee7b36ff2b,2026-03-21 13:19:32.892+00,99890a2e-b842-4d44-8516-e2eafe0711ff,2026-03-23 13:12:34.108+00,143169638129,wallet,{},normal,0
a73b8f46-7c44-45cd-87cb-27d6042390c1,710bfea3-387e-4a83-9ab3-f16a84671a37,e3cf4d3a-d021-49e4-b815-7e1938166eeb,1acd15fb-3a2a-4a37-81a7-1aac611fa86e,5dc78ae7-39ba-4e46-99fb-c4177b4eb362,250000.00,30,82500.00,20000.00,352500.00,11750.00,funded,,,,,,2026-03-30 18:19:28.029152+00,2026-03-31 10:19:28.390661+00,,,f,2026-03-31 08:42:05.558+00,99890a2e-b842-4d44-8516-e2eafe0711ff,f,,,pending_acceptance,1,,,,,,,0.2825856,32.6142725,,,single-room,0,,0,0,t,e4f07815-7991-422f-946f-7f351b38e954,2026-03-31 08:39:29.218+00,,b0efbbe6-197d-477c-b8a0-cff02b951724,2026-03-31 08:42:24.827+00,b4d7c324-1f7e-4e1c-91a8-3f0e10e0b25c,2026-03-31 10:18:52.701+00,6b7d9eee-4bc8-47ac-a2e6-b84cbaac8bb4,2026-03-31 10:19:28.006+00,,wallet,{},normal,0
bd95f0d5-9164-4e41-a664-d9636db00556,b4098c66-4bdb-4ed2-91c1-87c85818a889,b4098c66-4bdb-4ed2-91c1-87c85818a889,b3f72480-357e-4cd3-a07c-0e2677c30168,417e321c-ebdf-482d-9852-9ee358ec50fd,500000.00,30,165000.00,20000.00,685000.00,22834.00,rejected,,,,,,2026-02-10 11:25:27.792946+00,2026-02-26 09:44:57.708985+00,,Rejected by manager,f,,,f,,,pending_acceptance,1,,,,,,,,,,,,0,,0,0,f,,,,,,,,,,,wallet,{},normal,0
ebca1615-e3ad-41b7-8b5d-023d67a6e81e,f56db3a6-77f7-482f-a6e2-de8251f0fcc1,e3cf4d3a-d021-49e4-b815-7e1938166eeb,871ab691-e02b-437c-8bf4-a21ac4728bce,0bdd2022-f1d2-41ff-8862-dea51d2d36c8,500000.00,30,165000.00,20000.00,685000.00,22834.00,funded,,,,2026-04-10 09:24:27.965+00,,2026-04-06 13:21:16.799393+00,2026-04-10 09:24:28.072565+00,,,f,2026-04-07 12:06:43.787+00,99890a2e-b842-4d44-8516-e2eafe0711ff,f,,,pending_acceptance,1,,,,,,,,,,,double-room,0,,0,0,t,e4f07815-7991-422f-946f-7f351b38e954,2026-04-07 12:04:20.957+00,,b0efbbe6-197d-477c-b8a0-cff02b951724,2026-04-07 12:09:35.846+00,6b7d9eee-4bc8-47ac-a2e6-b84cbaac8bb4,2026-04-10 09:23:25.2+00,6b7d9eee-4bc8-47ac-a2e6-b84cbaac8bb4,2026-04-10 09:24:27.965+00,MP39790547638,wallet,{},normal,0
84205506-77e0-4d0b-8647-1f50c0a4d6b0,f4579819-e2aa-42ae-bff2-61dbb119af78,e3cf4d3a-d021-49e4-b815-7e1938166eeb,3c11202f-066a-44a6-a73a-a47c483f34b2,b3f7eb45-a911-497c-9431-c1a51cc61acc,200000.00,30,66000.00,10000.00,276000.00,9200.00,funded,,,,2026-04-10 09:25:45.534+00,,2026-04-02 09:41:27.587537+00,2026-04-10 09:25:45.681661+00,,,f,2026-04-02 11:24:24.53+00,99890a2e-b842-4d44-8516-e2eafe0711ff,f,,,pending_acceptance,1,,,,,,,0.1399071,32.5369922,,,commercial,0,,0,0,t,e4f07815-7991-422f-946f-7f351b38e954,2026-04-02 11:08:30.687+00,,b0efbbe6-197d-477c-b8a0-cff02b951724,2026-04-02 12:02:43.906+00,b4d7c324-1f7e-4e1c-91a8-3f0e10e0b25c,2026-04-03 05:28:41.567+00,6b7d9eee-4bc8-47ac-a2e6-b84cbaac8bb4,2026-04-10 09:25:45.534+00,AM144237618513,wallet,{},normal,0
f2b73e43-b337-4225-a637-604dfd613b44,aa461ae5-00b5-43d7-b386-e06f06e61ada,e3cf4d3a-d021-49e4-b815-7e1938166eeb,b97b74d5-f700-4d04-8fb4-132556553678,575226d9-a24c-411a-bfe2-358b06ad2039,500000.00,30,165000.00,20000.00,685000.00,22834.00,funded,,,,2026-03-31 14:27:47.927+00,,2026-03-31 11:54:41.996378+00,2026-03-31 14:27:48.082399+00,,,f,2026-03-31 12:57:01.036+00,99890a2e-b842-4d44-8516-e2eafe0711ff,f,,,pending_acceptance,1,,,,,,,0.2826164,32.6142659,,,commercial,0,,0,0,t,e4f07815-7991-422f-946f-7f351b38e954,2026-03-31 12:55:23.183+00,,b0efbbe6-197d-477c-b8a0-cff02b951724,2026-03-31 13:14:44.938+00,b4d7c324-1f7e-4e1c-91a8-3f0e10e0b25c,2026-03-31 13:32:13.09+00,6b7d9eee-4bc8-47ac-a2e6-b84cbaac8bb4,2026-03-31 14:27:47.927+00,144026507207,wallet,{},normal,0
bf1eba14-1a49-40c1-bd0f-e87734ac4299,eea87e0a-b0e6-451d-b536-0e8ae041e1a2,eea87e0a-b0e6-451d-b536-0e8ae041e1a2,58a1e012-fe1d-451a-a1fd-64f526aa4ed6,e1d02f79-c936-45b6-b14f-e9bce1ceb84c,5000000.00,90,6763185.00,20000.00,11783185.00,130925.00,rejected,,,,,,2026-02-11 16:51:02.576519+00,2026-02-17 17:00:28.280268+00,,Rejected by manager,f,,,f,,,pending_acceptance,1,,,,,,,,,,,,0,,0,0,f,,,,,,,,,,,wallet,{},normal,0
5b716ba7-eaa3-4770-846b-48b648e6cead,5c0e4885-4539-4b0f-b94f-8bec76f8de43,e3cf4d3a-d021-49e4-b815-7e1938166eeb,0d114c45-b66d-40ee-8f09-6d3a5e8af046,b3b600dc-4b28-40bf-bfcc-5d99e897739b,200000.00,30,66000.00,10000.00,276000.00,9200.00,funded,,,,2026-04-10 09:26:28.407+00,,2026-04-02 12:41:03.039932+00,2026-04-10 09:26:28.533546+00,,,t,2026-04-03 14:39:43.36+00,99890a2e-b842-4d44-8516-e2eafe0711ff,f,,,pending_acceptance,1,,,,,,,0.2826285,32.6143087,,,commercial,0,,0,0,t,e4f07815-7991-422f-946f-7f351b38e954,2026-04-03 09:12:28.256+00,,b0efbbe6-197d-477c-b8a0-cff02b951724,2026-04-06 05:56:26.84+00,6b7d9eee-4bc8-47ac-a2e6-b84cbaac8bb4,2026-04-10 09:23:23.709+00,6b7d9eee-4bc8-47ac-a2e6-b84cbaac8bb4,2026-04-10 09:26:28.407+00,AM144238128212,wallet,{},normal,0
9451b422-015d-4132-b15b-9957aa5ffd4c,dd33f94d-0113-4b05-a60e-1a0aa7f32baf,75891dff-d684-49e9-83ea-fab6e4cb4ded,8fca6e5e-1476-483b-956f-6da2535ace8f,6fe4eefd-07de-4070-b1b9-441dddd2137d,400000.00,30,132000.00,20000.00,552000.00,18400.00,rejected,,,,,,2026-04-09 08:01:45.125052+00,2026-04-10 13:38:59.257604+00,,Rejected,f,,,f,,,pending_acceptance,1,,,,,,,,,,,single-room,0,,0,0,t,e4f07815-7991-422f-946f-7f351b38e954,2026-04-10 13:38:59.036+00,,,,,,,,,wallet,{},normal,0
b87f5dad-cb27-433f-89bc-46f5be3690f2,b3f97805-92ec-4d85-9e3c-af0dcccd35b3,fbcebe2e-f3da-41d9-bf53-ab4dc1cc55fa,15649e7d-28b2-47fd-9a2e-ad7d09e9c612,1a9855ba-ccae-468a-8e10-19368a44b123,160000.00,60,123024.00,10000.00,293024.00,4884.00,funded,,,2026-02-17 13:12:46.33+00,2026-02-24 10:09:14.791465+00,,2026-02-17 12:22:34.239984+00,2026-04-01 09:18:58.453664+00,,,f,,,f,,,active,1,,,,,,,,,,,single-room,126816,,0,0,f,,,,,,,,,,,wallet,{},normal,0
821a440d-b972-4c5f-a037-263beddd9fc0,7a496976-4d96-4753-8e08-1cf7020a4a33,484fb2f0-2f54-4038-8952-abb71f88980a,45183f81-80f2-426a-b369-11ad211f8720,173d39c3-c2ea-4031-8821-6d799679d7ec,500000.00,30,165000.00,20000.00,685000.00,22834.00,rejected,,,,,,2026-02-18 05:53:42.071276+00,2026-02-26 09:23:02.986179+00,,Rejected by manager,f,,,f,,,pending_acceptance,1,,,,,,,,,,,double-room,0,,0,0,f,,,,,,,,,,,wallet,{},normal,0
be74fcaa-09e8-45c4-8957-1b8cd016e468,cb6ae5e2-3033-4fb4-ae26-97b381b49d41,e3cf4d3a-d021-49e4-b815-7e1938166eeb,11f21c1e-19ee-4399-b235-755c8b822ffc,4299753f-f530-4193-b918-83333738a6f1,200000.00,30,66000.00,10000.00,276000.00,9200.00,funded,,,,2026-04-13 08:34:30.384+00,,2026-04-10 08:03:51.134716+00,2026-04-13 08:34:30.565411+00,,,f,2026-04-13 07:27:15.093+00,e4f07815-7991-422f-946f-7f351b38e954,f,,,pending_acceptance,1,,,,,,,,,,,single-room,0,,0,0,t,e4f07815-7991-422f-946f-7f351b38e954,2026-04-10 13:39:21.086+00,,e4f07815-7991-422f-946f-7f351b38e954,2026-04-13 07:27:30.571+00,6b7d9eee-4bc8-47ac-a2e6-b84cbaac8bb4,2026-04-13 07:30:01.857+00,6b7d9eee-4bc8-47ac-a2e6-b84cbaac8bb4,2026-04-13 08:34:30.384+00,144796044603,wallet,{},normal,0
3fae669e-1336-4cfd-a401-aa49f88d238a,3b293a8d-6046-429b-8295-0eb121e88577,e4f07815-7991-422f-946f-7f351b38e954,dc935fb2-c66a-4f27-85ad-b646b0770d65,bc66dccf-038a-48f8-9720-cfa3795a9432,450000.00,60,346005.00,20000.00,816005.00,13601.00,funded,,e4f07815-7991-422f-946f-7f351b38e954,2026-02-20 12:25:29.116+00,2026-02-24 10:09:14.791465+00,,2026-02-20 12:18:35.87142+00,2026-04-01 10:37:40.715647+00,Paid,,f,,,t,2026-02-20 12:23:15.413+00,e4f07815-7991-422f-946f-7f351b38e954,active,1,,,,,,,,,,,double-room,310309,,0,0,f,,,,,,,,,,,wallet,{},normal,0
b3da5b64-a531-4875-8a86-13a4cb3b3727,78803d99-76f2-4f8b-a688-713bb4e705df,e4f07815-7991-422f-946f-7f351b38e954,f2f079a2-b8a4-4d6b-bd68-303fab0e9e66,e9405b86-8348-4d79-b2c1-493fa3fdf04b,1260000.00,30,415800.00,10000.00,1685800.00,56193.00,funded,,,2026-03-17 13:43:03.101+00,2026-03-17 13:43:59.598+00,,2026-03-16 09:53:00.823217+00,2026-03-28 08:12:42.430761+00,,,f,,,f,,,pending_acceptance,1,,,,,,,,,,,single-room,150000,,0,0,f,,,,,,,,,,,wallet,{},normal,0
8f983c96-a6cb-4bbc-96bb-1b28848193da,611ce374-3ba0-4e95-9a85-e2014820882b,fbcebe2e-f3da-41d9-bf53-ab4dc1cc55fa,d975a7f3-3b2c-4379-80f1-9fd146354dc4,31f976e7-1445-471a-8d24-eb9eda8b4163,160000.00,60,123024.00,10000.00,293024.00,4884.00,funded,,99890a2e-b842-4d44-8516-e2eafe0711ff,2026-02-17 07:09:17.633+00,2026-02-24 10:09:14.791465+00,,2026-02-17 06:54:20.577758+00,2026-04-01 09:18:58.453664+00,APPROVED,,t,2026-02-18 07:10:17.806504+00,fbcebe2e-f3da-41d9-bf53-ab4dc1cc55fa,t,2026-02-17 07:06:19.966+00,,active,1,,,,,,,,,,,,325560,,0,0,f,,,,,,,,,,,wallet,{},normal,0
08907aab-dad3-4bb5-a277-a228dfcbd300,ab1b190e-4fb5-499c-96c7-edae09bac030,37671b98-e914-4fbf-9f59-c38844b391c4,f266a46e-fe56-49c5-8bf8-9d2c72449765,c6a09577-c016-4265-85b2-e9a05893fb9f,200000.00,30,66000.00,10000.00,276000.00,9200.00,funded,,,2026-03-10 11:47:21.36+00,2026-03-11 13:17:05.422+00,,2026-03-09 16:16:26.554251+00,2026-04-10 13:36:35.367092+00,,,f,,,f,,,pending_acceptance,1,,,,,,,,,,,1-bed,30000,,0,0,f,,,,,,,,,,,wallet,{},normal,0
a2a775b3-81d1-4c04-9121-d201edc30bc6,88ffe7c8-7d69-4007-8eb7-1d01fc6dc69b,99890a2e-b842-4d44-8516-e2eafe0711ff,f1e0f78c-6383-4615-86ac-bbc79db9f9b4,3655d381-6d95-4a45-87c6-bc49574c656e,100000.00,30,33000.00,10000.00,143000.00,4767.00,rejected,,,,,,2026-02-24 15:43:11.674249+00,2026-02-26 07:38:37.929682+00,,Rejected by manager,f,,,f,,,pending_acceptance,1,,,,,,,,,,,single-room,0,,0,0,f,,,,,,,,,,,wallet,{},normal,0
8e355f65-434d-4794-8db6-21c91e40685d,7f5c1d63-75c4-4b29-9f60-95f357f17f1e,e4f07815-7991-422f-946f-7f351b38e954,07fc72ca-68d0-4b22-ac49-08fca1171814,61b59731-82fe-40d8-b04e-952dc5955879,300000.00,30,99000.00,20000.00,419000.00,13967.00,funded,,,2026-03-06 10:18:38.167+00,2026-03-09 06:23:23.198+00,,2026-03-06 07:47:17.801029+00,2026-04-02 12:36:51.170924+00,,,f,,,f,,,pending_acceptance,1,,,,,,,,,,,double-room,313670,,0,0,f,,,,,,,,,,,wallet,{},normal,0
f3920202-d815-42de-9d28-581e04e2a986,c64f6ad4-18b3-4cbf-a77e-e079310623c9,e3cf4d3a-d021-49e4-b815-7e1938166eeb,3e08ccb2-ff3c-4840-9891-1b5a8ac9229a,50d85a0b-7bf5-4fa3-819e-fe2d862cd80a,200000.00,30,66000.00,10000.00,276000.00,9200.00,disbursed,,,,2026-03-23 14:07:42.425+00,2026-03-23 14:07:42.425+00,2026-03-18 11:17:17.243034+00,2026-04-04 10:44:14.745553+00,Rent cleared ,,t,2026-03-21 14:51:00.179+00,,f,,,pending_acceptance,1,,,,,,,,,,,single-room,212000,,0,0,f,99890a2e-b842-4d44-8516-e2eafe0711ff,2026-03-21 14:48:18.322+00,,e4f07815-7991-422f-946f-7f351b38e954,2026-03-23 06:51:22.25+00,e4f07815-7991-422f-946f-7f351b38e954,2026-03-23 14:01:38.489+00,e4f07815-7991-422f-946f-7f351b38e954,2026-03-23 14:07:42.425+00,143169492594,wallet,{},normal,0
08c5fa53-5dc7-49fc-9ae8-276b4fd7bb0b,629a54c6-7146-4c6e-b593-58f5b49ac2df,e3cf4d3a-d021-49e4-b815-7e1938166eeb,c28d3b00-ef94-4f69-9931-effb90cb3a93,ee7aa3c4-6da4-4815-b64f-d26a25fa353e,300000.00,30,99000.00,20000.00,419000.00,13967.00,funded,,,,,,2026-03-27 12:39:25.199747+00,2026-04-07 14:16:32.462195+00,,,f,2026-03-27 13:55:06.16+00,99890a2e-b842-4d44-8516-e2eafe0711ff,f,,,pending_acceptance,1,,,,,,,0.282936,32.6179025,,,single-room,100000,,0,0,t,e4f07815-7991-422f-946f-7f351b38e954,2026-03-27 13:53:24.867+00,,99890a2e-b842-4d44-8516-e2eafe0711ff,2026-03-27 15:30:42.294+00,99890a2e-b842-4d44-8516-e2eafe0711ff,2026-03-27 15:50:10.184+00,99890a2e-b842-4d44-8516-e2eafe0711ff,2026-03-29 07:48:34.965+00,,wallet,"{https://wirntoujqoyjobfhyelc.supabase.co/storage/v1/object/public/house-images/e3cf4d3a-d021-49e4-b815-7e1938166eeb/08c5fa53-5dc7-49fc-9ae8-276b4fd7bb0b/photo_1.webp,https://wirntoujqoyjobfhyelc.supabase.co/storage/v1/object/public/house-images/e3cf4d3a-d021-49e4-b815-7e1938166eeb/08c5fa53-5dc7-49fc-9ae8-276b4fd7bb0b/photo_2.webp}",normal,0
4f3aa263-0bff-4e25-aa56-d45ba53b4b7e,d472aa66-c59f-4fe1-9448-b95ed2d19541,decee092-7c90-4503-bb2c-aed64057140b,ac973ebe-02c2-4730-971f-ba6c929dd50f,e8e58530-7091-4be3-bc26-beb82f3cf1f7,150000.00,30,49500.00,10000.00,209500.00,6984.00,rejected,,,,,,2026-02-25 02:45:30.902986+00,2026-03-26 09:08:45.934965+00,,No formal documents,t,2026-02-25 09:22:25.156+00,decee092-7c90-4503-bb2c-aed64057140b,f,,,pending_acceptance,1,,,,,,,1.0909241,33.4056313,,Uganda,,0,,0,0,f,e4f07815-7991-422f-946f-7f351b38e954,2026-03-26 09:08:45.719+00,,,,,,,,,wallet,{},normal,0
50bdc83a-af93-49a2-9f07-ba35978e9c0d,18327282-3b84-4833-85d4-e22724446344,decee092-7c90-4503-bb2c-aed64057140b,ace5a376-08d0-4a73-b349-f2b277810396,73268177-75a2-4779-9afd-904dacdf9d16,150000.00,30,49500.00,10000.00,209500.00,6984.00,rejected,,,,,,2026-03-04 11:52:10.67192+00,2026-03-05 12:49:18.112941+00,,Rejected by manager,t,2026-03-04 11:54:58.846+00,decee092-7c90-4503-bb2c-aed64057140b,f,,,pending_acceptance,1,,,,,,,1.1612519,33.7060307,,Uganda,,0,,0,0,f,,,,,,,,,,,wallet,{},normal,0
ef744094-befe-4e24-b12a-5117dd90a914,40cf2e6c-c46a-47a1-817f-f4272abc7526,e3cf4d3a-d021-49e4-b815-7e1938166eeb,adc69f3d-45a2-491a-a34c-dcd77652c6a8,e61aa4d9-ab3e-4a67-bdc5-d5ec482f0d2c,300000.00,30,99000.00,20000.00,419000.00,13967.00,funded,,,,2026-03-31 12:27:58.228+00,,2026-03-31 11:12:27.977766+00,2026-03-31 12:27:58.345373+00,,,f,2026-03-31 11:26:44.449+00,99890a2e-b842-4d44-8516-e2eafe0711ff,f,,,pending_acceptance,1,,,,,,,0.2826351,32.6142554,,,single-room,0,,0,0,t,e4f07815-7991-422f-946f-7f351b38e954,2026-03-31 11:19:45.782+00,,b0efbbe6-197d-477c-b8a0-cff02b951724,2026-03-31 11:27:27.936+00,b4d7c324-1f7e-4e1c-91a8-3f0e10e0b25c,2026-03-31 11:27:39.272+00,6b7d9eee-4bc8-47ac-a2e6-b84cbaac8bb4,2026-03-31 12:27:58.228+00,144018473858,mobile_money,{},normal,0
f82e8d01-809b-4a5e-8dca-11408bbc94f5,3359c406-35f6-473b-b29c-90124482490f,e3cf4d3a-d021-49e4-b815-7e1938166eeb,eff3bb57-f570-4f2e-bf20-b31b4f3e8332,ebc4b4b6-d26b-4ff9-be5d-8199639a817e,200000.00,30,66000.00,10000.00,276000.00,9200.00,funded,,,,2026-04-10 09:24:54.997+00,,2026-04-06 13:41:33.748453+00,2026-04-10 09:24:55.089222+00,,,f,2026-04-07 12:06:46.426+00,99890a2e-b842-4d44-8516-e2eafe0711ff,f,,,pending_acceptance,1,,,,,,,,,,,single-room,0,,0,0,t,e4f07815-7991-422f-946f-7f351b38e954,2026-04-07 12:04:55.622+00,,b0efbbe6-197d-477c-b8a0-cff02b951724,2026-04-07 12:18:19.713+00,6b7d9eee-4bc8-47ac-a2e6-b84cbaac8bb4,2026-04-10 09:23:26.732+00,6b7d9eee-4bc8-47ac-a2e6-b84cbaac8bb4,2026-04-10 09:24:54.997+00,AM144539450474,wallet,{},normal,0
2849983b-8576-49bb-b4e4-7c83d90815cc,13466296-5806-492b-8324-155c5ff2db24,d06530e1-8458-4dd7-a455-5ad3e9c40e84,d01e9cfa-2323-4ae6-980a-23f4227bbdfc,3099b9e3-dfe3-4702-b5c4-f450b0ba0504,100000.00,30,33000.00,10000.00,143010.00,4767.00,funded,,,2026-03-10 11:47:19.737+00,2026-03-12 09:14:50.513+00,,2026-03-01 16:46:35.785226+00,2026-03-14 18:38:14.578268+00,,,f,,,f,,,pending_acceptance,0,,,,,,,,,,,single-room,8700,,0,0,f,,,,,,,,,,,wallet,{},normal,0
f30a2773-7fdc-4cb7-82b2-a912cb0aa8f8,a2116d9f-3c66-4c52-b85f-2e5125de3c66,e3cf4d3a-d021-49e4-b815-7e1938166eeb,2904e727-de7b-4e33-8cea-aa32d390199e,f066208d-c061-413b-aa57-f047075b24d7,360000.00,30,118800.00,20000.00,498800.00,16627.00,funded,,,,2026-04-10 09:26:58.286+00,,2026-04-02 10:14:40.719325+00,2026-04-10 09:26:58.427992+00,,,f,2026-04-02 11:24:22.488+00,99890a2e-b842-4d44-8516-e2eafe0711ff,f,,,pending_acceptance,1,,,,,,,,,,,commercial,0,,0,0,t,e4f07815-7991-422f-946f-7f351b38e954,2026-04-02 11:08:53.423+00,,b0efbbe6-197d-477c-b8a0-cff02b951724,2026-04-02 11:56:57.158+00,b4d7c324-1f7e-4e1c-91a8-3f0e10e0b25c,2026-04-03 05:28:33.548+00,6b7d9eee-4bc8-47ac-a2e6-b84cbaac8bb4,2026-04-10 09:26:58.286+00,AM144227788828,wallet,{},normal,0
34ad4a88-277e-4435-8c05-050ec9d5b9bf,9e39ad97-d556-4b84-ad43-b3dcd18d944d,e3cf4d3a-d021-49e4-b815-7e1938166eeb,4668948a-fa27-4a86-923f-1ca59e0b9a90,360b7f74-364d-410f-96a6-47e691474292,300000.00,30,99000.00,20000.00,419000.00,13967.00,funded,,,,2026-04-13 07:25:40.891+00,,2026-04-07 13:48:50.176257+00,2026-04-13 07:25:40.999733+00,,,f,2026-04-09 12:37:06.584+00,99890a2e-b842-4d44-8516-e2eafe0711ff,f,,,pending_acceptance,1,,,,,,,,,,,double-room,0,,0,0,t,e4f07815-7991-422f-946f-7f351b38e954,2026-04-09 11:39:44.026+00,,99890a2e-b842-4d44-8516-e2eafe0711ff,2026-04-10 13:53:02.455+00,cf561688-b3a2-4f62-b9c1-67ee7b36ff2b,2026-04-12 16:18:59.105+00,6b7d9eee-4bc8-47ac-a2e6-b84cbaac8bb4,2026-04-13 07:25:40.891+00,14479369590,wallet,{},normal,0
2851a2c8-a64d-4d36-af60-1ba6ca876416,7f5c1d63-75c4-4b29-9f60-95f357f17f1e,f6fe1c27-7a98-4b88-874c-2e55d3937c82,7dab1b25-7488-4537-9319-f32c7f708c33,911f6e2a-27b6-4694-ab92-bcc2f41acf5d,900000.00,60,1217373.00,20000.00,2137373.00,23749.00,funded,,,,2026-04-10 09:24:02.784+00,,2026-04-01 15:57:11.8572+00,2026-04-13 07:11:39.965625+00,,,f,2026-04-02 08:25:36.135+00,e4f07815-7991-422f-946f-7f351b38e954,f,,,pending_acceptance,1,,,,,,,1.0791654,34.141164,,,double-room,64000,,0,0,f,e4f07815-7991-422f-946f-7f351b38e954,2026-04-02 04:17:25.562+00,,b0efbbe6-197d-477c-b8a0-cff02b951724,2026-04-07 07:04:10.395+00,6b7d9eee-4bc8-47ac-a2e6-b84cbaac8bb4,2026-04-10 09:23:12.026+00,6b7d9eee-4bc8-47ac-a2e6-b84cbaac8bb4,2026-04-10 09:24:02.784+00,MP3979056075,wallet,{},normal,0
3a0ca5e3-7da9-4e21-bd08-b93483f0a66d,2ce7895d-0337-4b8b-9b0c-9bec4882ba9e,e3cf4d3a-d021-49e4-b815-7e1938166eeb,f73c1ae2-fd46-4498-9788-c0a8a1965751,98465207-a087-4345-a8a7-def578133f57,150000.00,30,49500.00,10000.00,209500.00,6984.00,funded,,,,,,2026-03-26 11:01:27.501821+00,2026-03-27 08:06:15.545835+00,Cleared,,f,2026-03-27 06:48:14.021+00,99890a2e-b842-4d44-8516-e2eafe0711ff,f,,,pending_acceptance,1,,,,,,,0.2825357,32.6142819,,,single-room,0,,0,0,t,e4f07815-7991-422f-946f-7f351b38e954,2026-03-26 11:29:52.976+00,,99890a2e-b842-4d44-8516-e2eafe0711ff,2026-03-27 06:59:47.836+00,99890a2e-b842-4d44-8516-e2eafe0711ff,2026-03-27 07:00:31.05+00,99890a2e-b842-4d44-8516-e2eafe0711ff,2026-03-27 08:06:15.038+00,,wallet,{},normal,0
ce64d406-bfdf-4ed7-b7d1-275c9bd5a54e,47001f1c-e5b6-453d-be61-aac2a1d26233,972f4990-1c4e-4c96-a220-9c9463f58dbf,5ba3c009-5047-448b-92e5-99c21fe7b6e2,7498a6ab-0ab6-4cb0-8b05-a812fa9cc763,100000.00,30,33000.00,10000.00,143000.00,4767.00,rejected,,,,,,2026-02-25 18:21:55.875494+00,2026-03-21 14:49:42.654083+00,,Arrears payment,f,,,f,,,pending_acceptance,1,,,,,,,,,,,single-room,0,,0,0,f,99890a2e-b842-4d44-8516-e2eafe0711ff,2026-03-21 14:49:41.393+00,,,,,,,,,wallet,{},normal,0
7130a946-466b-4ddc-8b55-9ad1667f292a,85f547d1-d279-4ca0-852a-2e8d35b42fba,e3cf4d3a-d021-49e4-b815-7e1938166eeb,cf883242-850b-4d2d-8fec-c1badf338108,4028d1a0-c53b-42da-8042-9dee02d420cf,1000000.00,30,330000.00,20000.00,1350000.00,45000.00,funded,,,,2026-03-21 13:25:05.108+00,,2026-03-18 12:49:00.764176+00,2026-04-03 20:37:05.739487+00,test111,,t,2026-03-21 12:51:54.861+00,,f,,,pending_acceptance,1,,,,,,,,,,,commercial,570000,,0,0,f,cf561688-b3a2-4f62-b9c1-67ee7b36ff2b,2026-03-21 12:50:34.885+00,,cf561688-b3a2-4f62-b9c1-67ee7b36ff2b,2026-03-21 12:53:37.057+00,cf561688-b3a2-4f62-b9c1-67ee7b36ff2b,2026-03-21 13:19:54.101+00,cf561688-b3a2-4f62-b9c1-67ee7b36ff2b,2026-03-21 13:25:05.108+00,39325831104,cash,{},normal,0
560a4677-9753-4f94-b378-4fa51ce34e60,5050c1b8-10e8-488d-9c2f-02d28759c040,299ff13b-f2a7-4e9d-9b1b-5915acbf23be,b7325035-2eba-4f11-b3d2-e2b9791cbd21,7d3c8406-e8c8-4c1d-9063-c823790479d7,500000.00,30,165000.00,20000.00,685000.00,22834.00,funded,,,,,,2026-03-24 11:32:19.26355+00,2026-03-26 08:22:20.181091+00,Test,,f,2026-03-24 11:33:33.413+00,,f,,,pending_acceptance,1,,,,,,,0.1042725,32.486708,,,2-bed-full,0,,0,0,t,99890a2e-b842-4d44-8516-e2eafe0711ff,2026-03-24 11:33:21.693+00,,99890a2e-b842-4d44-8516-e2eafe0711ff,2026-03-24 11:33:44.208+00,99890a2e-b842-4d44-8516-e2eafe0711ff,2026-03-24 11:33:58.907+00,99890a2e-b842-4d44-8516-e2eafe0711ff,2026-03-24 11:34:20.214+00,,wallet,{},normal,0
fae5a234-961d-4f89-b5d4-bce71ebc232f,dbc12143-44ad-4546-9fc9-d35b696df3a4,fbcebe2e-f3da-41d9-bf53-ab4dc1cc55fa,ef94436e-435e-466c-aca5-ba8bad88a107,66818a92-74a4-4eba-b3be-8e61e1981435,160000.00,60,123024.00,10000.00,293024.00,4884.00,funded,,,2026-02-17 13:12:50.733+00,2026-02-24 10:09:14.791465+00,,2026-02-17 12:20:27.165101+00,2026-04-01 09:18:58.453664+00,,,f,,,f,,,active,1,,,,,,,,,,,single-room,354212,,0,0,f,,,,,,,,,,,wallet,{},normal,0
428eedac-dbe3-4b56-b948-1a9ede7ab504,1511c32b-98d4-47ae-8acf-7b60fc78b0a8,7cf6a2fe-3eb4-4c4b-9ad2-0de90721fa3e,3dd09922-17ec-4039-991c-6e5b896025b3,6c88835f-5704-4342-bcb0-ce1202a1d175,400000.00,30,132000.00,20000.00,552000.00,18400.00,pending,,,,,,2026-03-30 16:00:04.366738+00,2026-03-30 16:00:04.366738+00,,,f,,,f,,,pending_acceptance,1,,,,,,,0.1457466,32.5308583,,,single-room,0,,0,0,f,,,,,,,,,,,wallet,{},normal,0
fb427d08-d214-4ba5-8d3e-313178b0849d,36d512c6-4864-4e03-94cb-dc1c1263de10,e4f07815-7991-422f-946f-7f351b38e954,90bb0bb1-8c4e-4dec-a3d5-bcc34baddf26,8b1ab9f8-a83c-4133-aad9-e93f0f687a4e,150000.00,30,49500.00,10000.00,209500.00,6984.00,funded,,,,,,2026-03-30 12:11:42.987776+00,2026-04-07 06:34:16.200806+00,Approved ,,f,2026-03-30 13:00:12.091+00,99890a2e-b842-4d44-8516-e2eafe0711ff,f,,,pending_acceptance,1,,,,,,,,,,,single-room,21000,,0,0,f,e4f07815-7991-422f-946f-7f351b38e954,2026-03-30 12:20:47.463+00,,b0efbbe6-197d-477c-b8a0-cff02b951724,2026-03-30 13:03:24.102+00,6b7d9eee-4bc8-47ac-a2e6-b84cbaac8bb4,2026-03-30 13:17:35.58+00,6b7d9eee-4bc8-47ac-a2e6-b84cbaac8bb4,2026-03-30 13:18:18.541+00,,wallet,"{https://wirntoujqoyjobfhyelc.supabase.co/storage/v1/object/public/house-images/5d22145e-0173-454f-8d07-3b16dc93261c/fb427d08-d214-4ba5-8d3e-313178b0849d/photo_0.webp,https://wirntoujqoyjobfhyelc.supabase.co/storage/v1/object/public/house-images/5d22145e-0173-454f-8d07-3b16dc93261c/fb427d08-d214-4ba5-8d3e-313178b0849d/photo_1.webp,https://wirntoujqoyjobfhyelc.supabase.co/storage/v1/object/public/house-images/5d22145e-0173-454f-8d07-3b16dc93261c/fb427d08-d214-4ba5-8d3e-313178b0849d/photo_2.webp}",normal,0
03e68294-83b2-4f5d-a373-ecafc57f7e67,0df8a220-624e-4008-92fb-e31774f8b908,e3cf4d3a-d021-49e4-b815-7e1938166eeb,a771b0bd-b962-4366-bddf-8967bf180054,ffdce2e4-8680-4e4f-9fbf-421bff3ff4d8,500000.00,30,165000.00,20000.00,685000.00,22834.00,funded,,,,,,2026-03-27 13:10:01.198541+00,2026-04-07 14:33:20.293585+00,,,f,2026-03-27 13:55:21.506+00,99890a2e-b842-4d44-8516-e2eafe0711ff,f,,,pending_acceptance,1,,,,,,,0.2824396,32.6179372,,,commercial,200000,,0,0,t,e4f07815-7991-422f-946f-7f351b38e954,2026-03-27 13:53:33.94+00,,99890a2e-b842-4d44-8516-e2eafe0711ff,2026-03-27 15:30:32.805+00,99890a2e-b842-4d44-8516-e2eafe0711ff,2026-03-27 15:50:14.399+00,99890a2e-b842-4d44-8516-e2eafe0711ff,2026-03-29 07:48:39.401+00,,wallet,{},normal,0
1373e668-5007-440c-9cc1-e1b98f1d64ba,1ad5cf4e-d950-4ed1-864f-21856b27f8cb,15fbbc45-0653-4e17-8d3e-23c5a583fa32,987612a5-f3ef-40ff-97ab-335bd5f44fc3,feeb2748-2182-41df-b98a-dfe1fa8dbafe,50000.00,30,16500.00,10000.00,76500.00,2550.00,pending,,,,,,2026-04-07 20:43:30.368533+00,2026-04-07 21:19:22.175444+00,,,t,2026-04-07 21:18:02.997+00,15fbbc45-0653-4e17-8d3e-23c5a583fa32,f,,,pending_acceptance,1,,,,,,,,,,,single-room,0,,0,0,f,,,,,,,,,,,wallet,{},normal,0
6d8fc400-a68d-40d0-b669-c139e87f7cfa,5c2616a1-770d-452a-805e-ef7a5cb6e29b,e3cf4d3a-d021-49e4-b815-7e1938166eeb,ac5512aa-58c1-4abe-b33f-d3543674f921,cfa6628d-2683-4162-9e82-0ec58f002270,200000.00,30,66000.00,10000.00,276000.00,9200.00,disbursed,,,,2026-03-23 14:08:35.963+00,2026-03-23 14:08:35.963+00,2026-03-18 11:26:48.359314+00,2026-04-08 06:12:40.590285+00,Rent payment cleared ,,t,2026-03-21 14:51:12.831+00,,f,,,pending_acceptance,1,,,,,,,,,,,single-room,95200,,0,0,f,99890a2e-b842-4d44-8516-e2eafe0711ff,2026-03-21 14:48:44.049+00,,e4f07815-7991-422f-946f-7f351b38e954,2026-03-23 06:51:24.126+00,e4f07815-7991-422f-946f-7f351b38e954,2026-03-23 14:01:32.692+00,e4f07815-7991-422f-946f-7f351b38e954,2026-03-23 14:08:35.963+00,143169578866,wallet,{},normal,0
e2bfaa25-1f18-4898-a7c1-62196b2eb80d,9b9ff2eb-59ab-403e-8994-5111100741a5,e3cf4d3a-d021-49e4-b815-7e1938166eeb,1da4b30b-3b57-4373-8f05-2533b7225266,9224d404-1ac1-48e7-9d89-162e4b283b86,150000.00,30,49500.00,10000.00,209500.00,6984.00,funded,,,,2026-04-01 10:11:27.2+00,,2026-03-31 12:28:11.539805+00,2026-04-09 11:26:13.673269+00,,,f,2026-03-31 12:53:54.371+00,99890a2e-b842-4d44-8516-e2eafe0711ff,f,,,pending_acceptance,1,,,,,,,0.2826105,32.6142639,,,single-room,21000,,0,0,t,e4f07815-7991-422f-946f-7f351b38e954,2026-03-31 12:35:54.121+00,,b0efbbe6-197d-477c-b8a0-cff02b951724,2026-03-31 12:54:26.341+00,b4d7c324-1f7e-4e1c-91a8-3f0e10e0b25c,2026-03-31 13:32:11.983+00,6b7d9eee-4bc8-47ac-a2e6-b84cbaac8bb4,2026-04-01 10:11:27.2+00,TID3961898234,wallet,{},normal,0
abaf87ae-35b8-4fb0-90b7-1f487b523797,1ad64cdc-54a9-4c62-b903-7fab6c99f861,e3cf4d3a-d021-49e4-b815-7e1938166eeb,21a11fd9-00fc-49d7-8b42-2a39fc31fc09,60890332-e359-4341-b4a8-b8ca14fc4201,150000.00,30,49500.00,10000.00,209500.00,6984.00,funded,,,,2026-03-31 14:29:18.439+00,,2026-03-31 12:56:31.278352+00,2026-04-09 11:30:33.542974+00,,,f,2026-03-31 13:12:41.984+00,99890a2e-b842-4d44-8516-e2eafe0711ff,f,,,pending_acceptance,1,,,,,,,0.2825396,32.6142868,,,single-room,21200,,0,0,t,e4f07815-7991-422f-946f-7f351b38e954,2026-03-31 12:59:40.711+00,,b0efbbe6-197d-477c-b8a0-cff02b951724,2026-03-31 13:23:44.157+00,b4d7c324-1f7e-4e1c-91a8-3f0e10e0b25c,2026-03-31 13:32:10.877+00,6b7d9eee-4bc8-47ac-a2e6-b84cbaac8bb4,2026-03-31 14:29:18.439+00,144026611670,wallet,{},normal,0
f2395d4e-9d6f-408c-8d26-ad38398214f5,a79c469d-fb70-4696-a1c9-32da2393541f,e3cf4d3a-d021-49e4-b815-7e1938166eeb,840e1b0f-8f53-497a-89f5-593a7630a59c,4486be1f-46f1-43dc-a2c3-a8aa27d01b5f,150000.00,30,49500.00,10000.00,209500.00,6984.00,funded,,,,,,2026-03-26 11:04:26.558898+00,2026-03-27 08:06:19.157474+00,Cleared,,f,2026-03-27 06:48:32.227+00,99890a2e-b842-4d44-8516-e2eafe0711ff,f,,,pending_acceptance,1,,,,,,,0.2825433,32.6142783,,,single-room,0,,0,0,t,e4f07815-7991-422f-946f-7f351b38e954,2026-03-26 11:30:50.507+00,,99890a2e-b842-4d44-8516-e2eafe0711ff,2026-03-27 06:53:59.233+00,99890a2e-b842-4d44-8516-e2eafe0711ff,2026-03-27 07:00:41.862+00,99890a2e-b842-4d44-8516-e2eafe0711ff,2026-03-27 08:06:18.643+00,,wallet,{},normal,0
c10b3971-bd44-4c0a-94ee-37314ba049c9,cf561688-b3a2-4f62-b9c1-67ee7b36ff2b,cf561688-b3a2-4f62-b9c1-67ee7b36ff2b,3f2c96dc-927a-4c81-b763-e7c247a237bd,bcdce227-df84-437c-838c-5344f51066b5,100000.00,30,33000.00,10000.00,143000.00,4767.00,rejected,,,,,,2026-03-24 12:39:32.124939+00,2026-03-27 08:06:28.409994+00,Testing 111,Test,t,2026-03-24 16:02:05.067+00,,f,,,pending_acceptance,1,,,,,,,0.1043436,32.486774,,,single-room,0,,0,0,t,cf561688-b3a2-4f62-b9c1-67ee7b36ff2b,2026-03-24 12:40:38.362+00,,cf561688-b3a2-4f62-b9c1-67ee7b36ff2b,2026-03-24 12:41:21.467+00,cf561688-b3a2-4f62-b9c1-67ee7b36ff2b,2026-03-24 12:41:46.761+00,99890a2e-b842-4d44-8516-e2eafe0711ff,2026-03-27 08:06:27.881+00,,wallet,"{https://wirntoujqoyjobfhyelc.supabase.co/storage/v1/object/public/house-images/cf561688-b3a2-4f62-b9c1-67ee7b36ff2b/c10b3971-bd44-4c0a-94ee-37314ba049c9/photo_0.webp,https://wirntoujqoyjobfhyelc.supabase.co/storage/v1/object/public/house-images/cf561688-b3a2-4f62-b9c1-67ee7b36ff2b/c10b3971-bd44-4c0a-94ee-37314ba049c9/photo_1.webp,https://wirntoujqoyjobfhyelc.supabase.co/storage/v1/object/public/house-images/cf561688-b3a2-4f62-b9c1-67ee7b36ff2b/c10b3971-bd44-4c0a-94ee-37314ba049c9/photo_2.webp}",normal,0
6c01de75-7f25-4750-b98f-9b277226d08e,bc5c8ec0-2ff7-4d7d-9d8b-7dd1270f8b72,e3cf4d3a-d021-49e4-b815-7e1938166eeb,a29847be-d964-4a1e-94a6-7a9b0fd2b735,d12e7ccb-3314-4244-b388-14486f574567,200000.00,30,66000.00,10000.00,276000.00,9200.00,disbursed,,,,2026-03-23 14:06:13.12+00,2026-03-23 14:06:13.12+00,2026-03-18 10:06:36.884052+00,2026-04-01 09:18:35.400237+00,Rent cleared ,,t,2026-03-21 14:50:56.89+00,,f,,,pending_acceptance,1,,,,,,,,,,,single-room,70000,,0,0,f,99890a2e-b842-4d44-8516-e2eafe0711ff,2026-03-21 14:47:48.007+00,,e4f07815-7991-422f-946f-7f351b38e954,2026-03-23 06:51:13.89+00,e4f07815-7991-422f-946f-7f351b38e954,2026-03-23 14:01:29.286+00,e4f07815-7991-422f-946f-7f351b38e954,2026-03-23 14:06:13.12+00,143169578866,wallet,{},normal,0
ba4d0a1a-3f27-482c-a3b9-1d9a18c82f8e,3881a75b-ea5a-417f-b421-fa84e1cc3fca,e3cf4d3a-d021-49e4-b815-7e1938166eeb,e01c9a69-0328-4efc-a5e4-93a8abb1bc8f,ebe8d573-7853-4d52-9cce-15de288b4c1c,200000.00,30,66000.00,10000.00,276000.00,9200.00,funded,,,,2026-03-31 14:26:13.276+00,,2026-03-31 11:39:37.480434+00,2026-04-09 11:33:42.046576+00,,,f,2026-03-31 11:50:02.762+00,99890a2e-b842-4d44-8516-e2eafe0711ff,f,,,pending_acceptance,1,,,,,,,,,,,single-room,19200,,0,0,t,e4f07815-7991-422f-946f-7f351b38e954,2026-03-31 11:46:25.435+00,,b0efbbe6-197d-477c-b8a0-cff02b951724,2026-03-31 11:57:09.356+00,b4d7c324-1f7e-4e1c-91a8-3f0e10e0b25c,2026-03-31 13:32:14.162+00,6b7d9eee-4bc8-47ac-a2e6-b84cbaac8bb4,2026-03-31 14:26:13.276+00,144026401755,wallet,{},normal,0
75a1c591-3f32-48bd-b344-7339e0f7e8fc,b1f7de11-01fa-4cde-975e-43a09086bfb2,e3cf4d3a-d021-49e4-b815-7e1938166eeb,9c7bc529-5922-4d0a-a6b2-9d590289629f,733a0976-0a6e-4f69-93bf-ce39957f136f,200000.00,30,66000.00,10000.00,276000.00,9200.00,funded,,,,,,2026-03-26 10:56:03.709424+00,2026-04-09 11:39:06.544484+00,cleared,,f,2026-03-27 06:48:22.426+00,99890a2e-b842-4d44-8516-e2eafe0711ff,f,,,pending_acceptance,1,,,,,,,0.282541,32.6142846,,,single-room,70000,,0,0,t,e4f07815-7991-422f-946f-7f351b38e954,2026-03-26 11:28:33.983+00,,99890a2e-b842-4d44-8516-e2eafe0711ff,2026-03-27 06:59:42.891+00,99890a2e-b842-4d44-8516-e2eafe0711ff,2026-03-27 07:00:18.388+00,99890a2e-b842-4d44-8516-e2eafe0711ff,2026-03-27 08:06:10.344+00,,wallet,{},normal,0
ad8c7cfa-f012-4d8f-9fb6-09b0f220d0bd,ffb00733-8174-4256-b48a-59ecbba9322b,e3cf4d3a-d021-49e4-b815-7e1938166eeb,65800879-2068-4f3f-893a-c2546a125087,a40770d1-5358-404a-9b02-84fac2f36e6b,1000000.00,30,330000.00,20000.00,1350000.00,45000.00,funded,,,,2026-04-10 09:26:09.004+00,,2026-04-02 12:36:08.291206+00,2026-04-10 09:26:09.126205+00,,,t,2026-04-03 14:39:40.908+00,99890a2e-b842-4d44-8516-e2eafe0711ff,f,,,pending_acceptance,1,,,,,,,,,,,commercial,0,,0,0,t,e4f07815-7991-422f-946f-7f351b38e954,2026-04-03 09:12:03.772+00,,b0efbbe6-197d-477c-b8a0-cff02b951724,2026-04-06 05:56:23.025+00,6b7d9eee-4bc8-47ac-a2e6-b84cbaac8bb4,2026-04-10 09:23:21.625+00,6b7d9eee-4bc8-47ac-a2e6-b84cbaac8bb4,2026-04-10 09:26:09.004+00,AM144238082557,wallet,{},normal,0
8fee2069-8220-468b-8bb0-99a2af0b2471,1de81952-c170-423d-bbcc-08a7b11f9f67,e3cf4d3a-d021-49e4-b815-7e1938166eeb,734d27f1-7ba5-4ae4-ad64-4614e4a6481a,74515a33-5335-4074-ac71-e6445bc20a6f,400000.00,30,132000.00,20000.00,552000.00,18400.00,funded,,,,,,2026-03-27 12:15:36.668325+00,2026-04-07 14:05:09.057799+00,Approved ,,f,2026-03-27 13:54:49.559+00,99890a2e-b842-4d44-8516-e2eafe0711ff,f,,,pending_acceptance,1,,,,,,,0.2828569,32.6175104,,,commercial,60000,,0,0,t,e4f07815-7991-422f-946f-7f351b38e954,2026-03-27 13:53:12.122+00,,99890a2e-b842-4d44-8516-e2eafe0711ff,2026-03-27 15:30:26.756+00,99890a2e-b842-4d44-8516-e2eafe0711ff,2026-03-27 15:50:22.208+00,99890a2e-b842-4d44-8516-e2eafe0711ff,2026-03-29 07:48:31.9+00,,wallet,"{https://wirntoujqoyjobfhyelc.supabase.co/storage/v1/object/public/house-images/e3cf4d3a-d021-49e4-b815-7e1938166eeb/8fee2069-8220-468b-8bb0-99a2af0b2471/photo_0.webp,https://wirntoujqoyjobfhyelc.supabase.co/storage/v1/object/public/house-images/e3cf4d3a-d021-49e4-b815-7e1938166eeb/8fee2069-8220-468b-8bb0-99a2af0b2471/photo_1.webp,https://wirntoujqoyjobfhyelc.supabase.co/storage/v1/object/public/house-images/e3cf4d3a-d021-49e4-b815-7e1938166eeb/8fee2069-8220-468b-8bb0-99a2af0b2471/photo_2.webp}",normal,0
db97e1a6-4b38-4ba9-8b7f-c9adf404aff3,7e2346be-f15f-4c81-839f-f4004576de03,e3cf4d3a-d021-49e4-b815-7e1938166eeb,215748d4-4634-4e43-92a3-bc73bf9e24e5,4eb59be3-6e5c-41a9-8b87-70838a763636,300000.00,30,99000.00,20000.00,419000.00,13967.00,funded,,,,,,2026-03-30 13:30:10.150756+00,2026-04-09 11:35:54.573836+00,Approved ,,f,2026-03-30 13:44:35.954+00,e4f07815-7991-422f-946f-7f351b38e954,f,,,pending_acceptance,1,,,,,,,0.2833922,32.618149,,,single-room,19500,,0,0,t,e4f07815-7991-422f-946f-7f351b38e954,2026-03-30 13:35:46.999+00,,e4f07815-7991-422f-946f-7f351b38e954,2026-03-30 13:45:48.97+00,e4f07815-7991-422f-946f-7f351b38e954,2026-03-30 13:49:52.588+00,e4f07815-7991-422f-946f-7f351b38e954,2026-03-30 13:50:55.659+00,,wallet,"{https://wirntoujqoyjobfhyelc.supabase.co/storage/v1/object/public/house-images/e3cf4d3a-d021-49e4-b815-7e1938166eeb/db97e1a6-4b38-4ba9-8b7f-c9adf404aff3/photo_0.webp,https://wirntoujqoyjobfhyelc.supabase.co/storage/v1/object/public/house-images/e3cf4d3a-d021-49e4-b815-7e1938166eeb/db97e1a6-4b38-4ba9-8b7f-c9adf404aff3/photo_1.webp,https://wirntoujqoyjobfhyelc.supabase.co/storage/v1/object/public/house-images/e3cf4d3a-d021-49e4-b815-7e1938166eeb/db97e1a6-4b38-4ba9-8b7f-c9adf404aff3/photo_2.webp}",normal,0
86fc15f8-eeab-44f6-8da1-151597c44c1f,08eda198-af40-47b2-828f-375b0b484d4c,04ef6aad-ade8-4dbc-ae3f-09669a836952,1c4bb4e2-5daf-43b4-8df2-5a60df1e0c82,3dab49b0-c758-4356-a8c5-73dbc2aa35ca,500000.00,30,165000.00,20000.00,685000.00,22834.00,funded,,,,2026-04-13 08:34:55.165+00,,2026-04-10 11:30:28.940061+00,2026-04-13 08:34:55.270095+00,,,f,2026-04-13 07:27:19.435+00,e4f07815-7991-422f-946f-7f351b38e954,f,,,pending_acceptance,1,,,,,,,0.1114285,32.5074049,,,double-room,0,,0,0,f,e4f07815-7991-422f-946f-7f351b38e954,2026-04-10 13:39:43.983+00,,e4f07815-7991-422f-946f-7f351b38e954,2026-04-13 07:27:35.737+00,6b7d9eee-4bc8-47ac-a2e6-b84cbaac8bb4,2026-04-13 07:30:05.965+00,6b7d9eee-4bc8-47ac-a2e6-b84cbaac8bb4,2026-04-13 08:34:55.165+00,144793648655,wallet,"{https://wirntoujqoyjobfhyelc.supabase.co/storage/v1/object/public/house-images/04ef6aad-ade8-4dbc-ae3f-09669a836952/86fc15f8-eeab-44f6-8da1-151597c44c1f/photo_0.webp,https://wirntoujqoyjobfhyelc.supabase.co/storage/v1/object/public/house-images/04ef6aad-ade8-4dbc-ae3f-09669a836952/86fc15f8-eeab-44f6-8da1-151597c44c1f/photo_1.webp,https://wirntoujqoyjobfhyelc.supabase.co/storage/v1/object/public/house-images/04ef6aad-ade8-4dbc-ae3f-09669a836952/86fc15f8-eeab-44f6-8da1-151597c44c1f/photo_2.webp}",normal,0
