id,referrer_id,referred_id,bonus_amount,bonus_credited,bonus_credited_at,first_investment_at,created_at
663f1350-0c21-4012-805d-76136cee3ac1,7e506ac9-6c46-4fdf-b888-c972bad7350f,299ff13b-f2a7-4e9d-9b1b-5915acbf23be,5000,f,,,2026-01-08 06:46:52.496508+00
34e2c85a-00a5-4fde-9250-83f19c371843,7e506ac9-6c46-4fdf-b888-c972bad7350f,3bffcd15-8aa9-4a77-89d2-c8cbe774ef0c,5000,f,,,2026-01-08 07:00:59.2054+00
5445885e-8d9a-4338-9965-336fa17870d5,7e506ac9-6c46-4fdf-b888-c972bad7350f,4f86800b-7208-4743-af45-1eb369f4d5fe,5000,f,,,2026-01-08 08:51:06.59285+00
17efaf39-5168-4e84-8b9c-d40df6576dfe,7e506ac9-6c46-4fdf-b888-c972bad7350f,43d5f15f-3ca7-4d7b-9d27-0ff47a2b83c2,5000,f,,,2026-01-08 08:56:18.186471+00
3af613a8-48ee-4b3d-ab01-925b63fbae55,7e506ac9-6c46-4fdf-b888-c972bad7350f,812e02bf-ef32-4986-a065-9f565b36b15b,5000,f,,,2026-01-08 09:20:16.529417+00
e12fe8d7-b10f-4e46-873e-370508c84dfc,7e506ac9-6c46-4fdf-b888-c972bad7350f,483d2805-9d27-4463-ac4c-024ddbf93515,5000,f,,,2026-01-08 10:04:23.729177+00
5adcf66e-0873-4c8f-ad27-5d0d76ba7f80,7e506ac9-6c46-4fdf-b888-c972bad7350f,23a3d84c-6643-4d9c-a905-d6734a8ff925,5000,f,,,2026-01-08 11:13:09.950031+00
a06e6c8f-9d83-4683-8581-eab6cb9534bd,7e506ac9-6c46-4fdf-b888-c972bad7350f,2724aa10-2142-4382-bbee-1d3bdb8bf910,5000,f,,,2026-01-08 22:06:42.220081+00
2fc2f1db-5154-4ada-b9cd-2e47707313de,7e506ac9-6c46-4fdf-b888-c972bad7350f,d366f15f-2349-4f25-b7cc-ea46b6f5fe64,5000,f,,,2026-01-09 10:25:35.019778+00
e7971bd2-46b2-49a6-a3aa-fd6ed80553df,7e506ac9-6c46-4fdf-b888-c972bad7350f,44a30999-c9d0-4d5d-9819-ef98f997d357,5000,f,,,2026-01-09 14:40:14.234624+00
ae682db1-eac6-46c4-bf4c-b9086866c233,7e506ac9-6c46-4fdf-b888-c972bad7350f,3acbf7ec-a4dd-4a97-a51f-8679325ba0f1,500,f,,,2026-01-12 13:22:35.026432+00
3dac496d-abb4-4606-ae77-34c8e33c12fb,f88bec6b-01ea-4c68-822a-96b0d79d93f6,4cbb4536-a267-46d4-87f7-82e138e077b0,500,f,,,2026-01-29 22:08:37.6988+00
b680dc51-3bbf-42a7-b5ac-aa018947706e,4d2c76bb-1b9b-45cb-ae1b-f516c32ed65a,9317b7c3-36c9-42cf-9174-b326841726c8,500,f,,,2026-02-06 20:02:34.855303+00
685e72bc-b85e-4013-a61a-c1591ecb9042,99890a2e-b842-4d44-8516-e2eafe0711ff,42f29330-fa21-4c86-b7a0-1d0ef1fc0c6d,500,f,,,2026-02-10 13:19:26.669108+00
79a6caf7-8195-41f6-80b1-8e65d3a61355,99890a2e-b842-4d44-8516-e2eafe0711ff,df2ecad9-ff2b-4bc3-b9e8-73753688f877,500,f,,,2026-02-10 13:21:51.538183+00
c921158b-4200-4479-9bc5-62f4261b3c40,99890a2e-b842-4d44-8516-e2eafe0711ff,54b981f7-3bbf-45ed-a1d2-facd95e0052a,500,f,,,2026-02-10 13:23:06.482768+00
e01b45a5-6026-4be1-8bdb-91307ffa8a12,99890a2e-b842-4d44-8516-e2eafe0711ff,283f629e-bb59-4690-92c2-94b4b3e9e87b,500,f,,,2026-02-10 15:49:34.844405+00
3559d043-189f-4bf5-9ecb-7d344f8f437f,d94d5c97-ecc6-4054-a5ea-a10d7a582a3c,87687ce9-3000-44c8-abb2-558f53eddb60,500,f,,,2026-02-11 18:39:29.980175+00
f9ff9ce1-7300-4c20-a773-f8a5d732deab,d94d5c97-ecc6-4054-a5ea-a10d7a582a3c,5f795954-657d-441f-a03a-55280e055102,500,f,,,2026-02-11 19:36:30.189507+00
3df75b26-2e93-4003-b083-3b2d8661d2e3,5d22145e-0173-454f-8d07-3b16dc93261c,19461ae3-f684-4f5c-8b9d-95b40d582cd8,500,f,,,2026-02-16 13:57:25.214423+00
f0435b31-aa2d-4798-99ea-089603755a1e,5d22145e-0173-454f-8d07-3b16dc93261c,2215314f-28db-4f17-b6cf-1e71032cbfb8,500,f,,,2026-02-16 13:59:20.728538+00
4365bfa2-14ad-4a0d-99a4-7140b9c3d2cd,5d22145e-0173-454f-8d07-3b16dc93261c,12a8320e-c6e0-4141-9c1c-45d3f6d33222,500,f,,,2026-02-16 14:05:18.030289+00
9f0ffe30-af55-427d-8ea0-5bcdd74cdf6c,d94d5c97-ecc6-4054-a5ea-a10d7a582a3c,4458bdc0-9769-4ae1-921a-ceed88f276b3,500,f,,,2026-02-16 16:19:38.042303+00
30a8c55b-7f8f-4125-8b22-4e40d12c6796,d94d5c97-ecc6-4054-a5ea-a10d7a582a3c,beb12f32-220c-4652-9237-2f5dfcb93d92,500,f,,,2026-02-16 16:20:56.793229+00
37b7d986-2c91-4cd8-81b0-c1412061d942,d94d5c97-ecc6-4054-a5ea-a10d7a582a3c,59c50d2a-16ff-4c9a-98e6-1609383089ea,500,f,,,2026-02-16 16:31:08.703117+00
22aeae96-2ed0-47ad-b602-02e6a7044b64,e34cc025-8698-4fef-8065-a1bacde569d6,d617eff0-7569-4cba-bb14-abbc270fec44,500,f,,,2026-02-16 21:55:58.564731+00
7f350b50-5489-47a3-b632-0442cf05e5eb,d94d5c97-ecc6-4054-a5ea-a10d7a582a3c,11002d6f-d1c8-41ea-9f37-389855725401,500,f,,,2026-02-18 04:45:19.09741+00
6cbebc36-b17b-40ce-bd08-33dd6ef29ba0,b4fe5264-c23a-4f55-93bb-77cd0b139f78,e1ce1876-3443-4bb4-ab6f-f9828da5eb4c,500,f,,,2026-02-18 23:04:35.057074+00
60049585-4751-42d0-85b7-12a7360f2b75,fc7c293a-add6-47f4-b7ee-b8c7c61c4c14,a31f01c1-d0dd-4fb7-a2b3-1d024982caa2,500,f,,,2026-02-19 20:13:34.816632+00
6a7d0bc4-1ffa-4b56-8af4-1519198e7ca8,4f400c51-354a-46ef-a75b-363ecb9d3a84,25419777-25d3-4426-b120-9de68fd4780f,500,f,,,2026-02-23 19:21:32.261712+00
322e6229-969d-48ab-8673-13e9daae765c,4f400c51-354a-46ef-a75b-363ecb9d3a84,bde993c5-066a-4858-90a9-6d3976d6b062,500,f,,,2026-02-24 10:22:10.314806+00
e1eed132-09a3-4567-b432-52ec5ff283ba,4f400c51-354a-46ef-a75b-363ecb9d3a84,9328b310-0172-4830-8bb3-cdef1f32d3e7,500,f,,,2026-02-24 10:28:52.58045+00
987642c8-5323-4262-8f5e-b57ed3ba59e2,4f400c51-354a-46ef-a75b-363ecb9d3a84,1ec0a6cc-6371-4848-b9e5-4b3f6edaa1bf,500,f,,,2026-02-24 10:36:09.969162+00
5efc1630-6fbc-4be7-a9d3-6f11c749f6be,4f400c51-354a-46ef-a75b-363ecb9d3a84,96f51506-1a70-4a94-8cd6-86facf495870,500,f,,,2026-02-24 10:39:48.450122+00
aaa42534-ee48-4174-888e-7817a7f38537,4f400c51-354a-46ef-a75b-363ecb9d3a84,05e51dfa-106f-4a9a-95cf-b0d93c95b05b,500,f,,,2026-02-24 10:43:31.360632+00
ff4f4b1e-d929-4804-9b3e-4795fd776356,4f400c51-354a-46ef-a75b-363ecb9d3a84,054f0dc3-eae3-43d5-9ef6-564f7abddca4,500,f,,,2026-02-24 10:47:48.998959+00
1b824a16-57aa-4c00-8664-5b8bd894745f,4f400c51-354a-46ef-a75b-363ecb9d3a84,002fde97-04c3-4d52-a2a3-ba34853fa5d4,500,f,,,2026-02-24 10:50:31.18469+00
379bdafc-e9b7-44c4-8625-3f91cb687af3,4f400c51-354a-46ef-a75b-363ecb9d3a84,18e2b0ea-b12e-4138-b632-f87b5bec56f4,500,f,,,2026-02-24 10:53:18.783913+00
d9691492-8c52-4728-9d97-86c4ce5e83eb,4f400c51-354a-46ef-a75b-363ecb9d3a84,5e420614-8f40-4c05-a42e-ea8d6708bd7e,500,f,,,2026-02-24 10:56:15.51639+00
45da7615-c334-48e6-9800-0fb8c81dab7d,4f400c51-354a-46ef-a75b-363ecb9d3a84,29b5dfce-921e-43cf-a7ee-29f8fb925c9e,500,f,,,2026-02-24 10:59:15.199453+00
95975cfd-0d77-4da5-b3c1-8305a9686cb2,4f400c51-354a-46ef-a75b-363ecb9d3a84,a9a1ec3a-018b-4595-a834-a999507000b5,500,f,,,2026-02-24 11:01:32.422121+00
7a6c5515-629f-4059-a98e-f1a4263797ac,4f400c51-354a-46ef-a75b-363ecb9d3a84,3b2df1ba-ba09-4942-a8a0-d9a30f49c04d,500,f,,,2026-02-24 11:03:42.137972+00
0c440970-4fb0-460d-9630-59790cfcc068,4f400c51-354a-46ef-a75b-363ecb9d3a84,9e39f3e6-7406-40c2-8792-66f41ec07c22,500,f,,,2026-02-24 11:05:56.656157+00
96fcf75c-e0ec-4685-b0e6-3faadfe81439,4f400c51-354a-46ef-a75b-363ecb9d3a84,11b30da8-a931-4f7b-9f57-365f36a2ae58,500,f,,,2026-02-24 11:08:08.656113+00
17ae7764-e67a-4f21-88b0-75dce678cdce,4f400c51-354a-46ef-a75b-363ecb9d3a84,d0f4149d-acb7-4186-8757-9b9d2154670c,500,f,,,2026-02-24 12:26:53.026698+00
a35ac4ed-72b1-4f66-8938-2f56e8b4338a,4f400c51-354a-46ef-a75b-363ecb9d3a84,0a2135ca-27f1-42e3-b2e8-23827ceb4562,500,f,,,2026-02-24 12:29:08.530505+00
fcb38b87-d9f7-4309-9c0e-1bf38cfc3ec7,4f400c51-354a-46ef-a75b-363ecb9d3a84,30c02cc3-858b-4875-b68b-76077d904ba3,500,f,,,2026-02-24 12:32:13.28649+00
6a69d69c-420b-46ce-8729-5084f950eada,4f400c51-354a-46ef-a75b-363ecb9d3a84,9f04f47e-0ced-4dc0-a75d-1495272bfc97,500,f,,,2026-02-24 12:38:03.35792+00
dea9aada-bd74-452a-ae34-4dc44a4cb457,4f400c51-354a-46ef-a75b-363ecb9d3a84,3aae890a-16b1-435e-8348-3c7e8ca56c1d,500,f,,,2026-02-24 12:40:43.724655+00
5fb1bab6-665b-410c-b33d-bce67f72c797,4f400c51-354a-46ef-a75b-363ecb9d3a84,bc298933-d65d-49e2-aa64-e537b9e6f0ea,500,f,,,2026-02-24 12:43:35.218483+00
9edefda9-691b-41a3-9254-f977434dc121,4f400c51-354a-46ef-a75b-363ecb9d3a84,2f2568e9-23b3-4dcc-8e97-159f0287e650,500,f,,,2026-02-24 12:45:39.185579+00
6c6ffb08-0621-41c7-babe-41ba03a19535,4f400c51-354a-46ef-a75b-363ecb9d3a84,6b315be5-52c3-49ef-8179-847f7bbfc6de,500,f,,,2026-02-24 12:47:42.619908+00
2c82956a-1a9d-43bf-b53a-b0ba1e8709cf,4f400c51-354a-46ef-a75b-363ecb9d3a84,715ea434-b6a4-48fb-8d49-5ee464a71aea,500,f,,,2026-02-24 12:49:32.08648+00
47cf0ea6-6577-4cf7-952a-67a17492578d,4f400c51-354a-46ef-a75b-363ecb9d3a84,d5ab29a1-6708-4abc-a4ee-b38a5ce2e532,500,f,,,2026-02-24 12:51:31.393278+00
5b5d6f26-c59c-487d-b222-fe8501be7afb,4f400c51-354a-46ef-a75b-363ecb9d3a84,cc02ca39-a57c-4681-8996-964e538cbbf8,500,f,,,2026-02-24 12:53:38.255729+00
19fc1ac4-189a-4de6-ac2c-2f5a59dceb26,b4fe5264-c23a-4f55-93bb-77cd0b139f78,ef4584f0-75c7-463b-b86c-11277ef6d8ae,500,f,,,2026-02-24 20:32:04.502462+00
96f81af4-e657-4246-bd76-1b5921177a47,b4fe5264-c23a-4f55-93bb-77cd0b139f78,11c955bc-4283-45a6-ac82-6efedb24fc4d,500,f,,,2026-02-24 22:42:24.787275+00
4e2bb135-fce7-4b99-93b9-1e250b6cd6a1,4f400c51-354a-46ef-a75b-363ecb9d3a84,3bbad890-ebca-4120-a65d-54ed241c21c9,500,f,,,2026-02-25 10:10:50.795024+00
ed86319c-6a70-471c-a758-d3e51972e264,4f400c51-354a-46ef-a75b-363ecb9d3a84,2f99f960-5675-4da2-a316-183a4db155c5,500,f,,,2026-02-25 10:12:52.331866+00
c941905a-ee8e-4306-b8c1-0516f481aa8d,4f400c51-354a-46ef-a75b-363ecb9d3a84,25b29b97-2a40-40f8-ac40-34a7fbdc7de6,500,f,,,2026-02-25 10:16:06.817047+00
6038a5d9-1261-47af-9bdc-8da1e41355c3,4f400c51-354a-46ef-a75b-363ecb9d3a84,6df410fa-c834-40fa-9d1a-afebf8e27f29,500,f,,,2026-02-25 10:18:30.98602+00
3cc35850-75f9-4eed-b8fe-ddd9c4471605,4f400c51-354a-46ef-a75b-363ecb9d3a84,9556420f-0e09-46e1-b839-d2ded09cc38d,500,f,,,2026-02-25 10:23:56.24694+00
09e93b61-c317-4723-ad1a-79a1a22883f0,4f400c51-354a-46ef-a75b-363ecb9d3a84,d8fa4b10-da45-47d1-9060-c2352bdc413a,500,f,,,2026-02-25 10:26:05.938188+00
43c9599f-e914-4d1e-9b1a-86230a7ffaba,4f400c51-354a-46ef-a75b-363ecb9d3a84,40526f04-5ade-43a3-aeb5-f89bf1eab403,500,f,,,2026-02-25 10:30:06.335456+00
4891f37e-1630-4648-ab7d-92a93494401b,4f400c51-354a-46ef-a75b-363ecb9d3a84,9eb918fa-09f5-4c9d-abf4-f6b51fe112aa,500,f,,,2026-02-25 10:33:14.005932+00
8499b080-0ba0-4690-8ab8-94b14b007bb5,4f400c51-354a-46ef-a75b-363ecb9d3a84,f35a1031-46e7-40df-87d6-a8edf4e62609,500,f,,,2026-02-25 10:37:52.269842+00
91bc408d-b11e-43ee-8452-d030d532a5bf,4f400c51-354a-46ef-a75b-363ecb9d3a84,5433befc-e7b4-45d2-81d1-e40c115bfd48,500,f,,,2026-02-25 10:39:53.989123+00
2dfcb3f2-5d2c-4a32-a6c8-b5e76a3fbcf2,4f400c51-354a-46ef-a75b-363ecb9d3a84,c2130419-aded-4e90-bdaf-d75b53e20796,500,f,,,2026-02-25 10:42:16.6371+00
9fe411bb-88a4-4f45-a01c-4deb96101e3e,4f400c51-354a-46ef-a75b-363ecb9d3a84,1d04d6fa-6b5e-447c-8dca-ed3d1744f7f9,500,f,,,2026-02-25 10:44:44.82419+00
277a85bf-aaac-4dce-90c0-0048282c5043,4f400c51-354a-46ef-a75b-363ecb9d3a84,763c900b-2ac0-4718-aa79-a960d1e794fd,500,f,,,2026-02-25 10:46:46.601133+00
041ab5cd-fea4-4cc6-9d37-5d6655bfe880,4f400c51-354a-46ef-a75b-363ecb9d3a84,33354316-44f9-43e2-8d4f-f907d386a33d,500,f,,,2026-02-25 10:48:57.215035+00
49b41bc2-ca03-4179-9749-72975c84f8c7,4f400c51-354a-46ef-a75b-363ecb9d3a84,ae75dff4-5fd8-4ef9-a077-85d754daadf1,500,f,,,2026-02-25 10:51:13.569052+00
f967f4b9-72d2-443d-998e-23cdfb0316f6,4f400c51-354a-46ef-a75b-363ecb9d3a84,9e93f5e8-ca0c-4af2-a119-51ca0f19b402,500,f,,,2026-02-25 10:53:16.675172+00
72a06c09-ee17-4795-b4c8-a80092b31eda,4f400c51-354a-46ef-a75b-363ecb9d3a84,e7ff20bd-d4b7-46cc-9d27-6abbcdd3d7c0,500,f,,,2026-02-25 10:56:09.826942+00
ed90b747-3827-48ad-841a-781a6264bde5,4f400c51-354a-46ef-a75b-363ecb9d3a84,efef704c-9e22-45e1-b2db-e9bd949b6518,500,f,,,2026-02-25 10:58:30.755173+00
7861f1db-9400-4e77-8720-d24d5b71bace,4f400c51-354a-46ef-a75b-363ecb9d3a84,34376cf2-c2e6-428b-a1d0-aea28278f131,500,f,,,2026-02-25 11:00:31.544397+00
2e31a7c7-55c6-4cce-892b-59bf150fa4d9,c9828f82-e91c-4959-b769-514c947c9b61,18a0bc51-89c6-48a6-89bd-06a30162c6bb,500,f,,,2026-02-25 13:43:43.040823+00
466668b4-76b5-43b5-9447-b65f77641f92,4f400c51-354a-46ef-a75b-363ecb9d3a84,35461e9d-6857-434a-9c0e-deffe6293d5a,500,f,,,2026-02-26 07:13:15.132788+00
e3d0d57f-1aea-44ea-ba63-89a23392cfae,4f400c51-354a-46ef-a75b-363ecb9d3a84,bd249f9e-8eb0-43b6-a30c-ccb3d7f3b4aa,500,f,,,2026-02-26 07:16:35.383101+00
2bcd0b1a-ca4c-4b50-b71b-9edae4f24e63,4f400c51-354a-46ef-a75b-363ecb9d3a84,25ec6909-7e19-4016-abaa-920680778ac0,500,f,,,2026-02-26 07:19:10.598323+00
0e0f3ca7-7515-4dc0-bd91-22a912527444,4f400c51-354a-46ef-a75b-363ecb9d3a84,65a07946-c5fa-47ef-9241-a3fc4a966781,500,f,,,2026-02-26 07:21:27.166948+00
11b80aa9-3bfb-416d-93f5-a27fc852c6c2,4f400c51-354a-46ef-a75b-363ecb9d3a84,cd8d6443-dcc3-4241-b24d-a8d70df2950e,500,f,,,2026-02-26 07:24:10.002219+00
bbb0a355-9aa4-4026-ac95-212f5fd836d5,4f400c51-354a-46ef-a75b-363ecb9d3a84,40119507-0ef7-4055-b948-177ce315b207,500,f,,,2026-02-26 07:29:18.98004+00
0f7ed74c-7746-4b9f-bd8d-0280bb168b7e,4f400c51-354a-46ef-a75b-363ecb9d3a84,c2946327-59db-4af2-9ac4-9bb6b1d16341,500,f,,,2026-02-26 07:33:34.294232+00
4f440619-28b9-4424-9319-f2a2e9d414b6,4f400c51-354a-46ef-a75b-363ecb9d3a84,db192541-6b25-4f6b-8fed-56d17f0842ee,500,f,,,2026-02-26 07:35:49.681338+00
036e2ff7-09de-4241-b0ca-7bb4659a3b4e,4f400c51-354a-46ef-a75b-363ecb9d3a84,5ec6bd8f-251d-4281-aa5f-748913435819,500,f,,,2026-02-26 07:43:30.326693+00
8e63cab6-b00a-41c8-b474-afc9c48f2d9b,4f400c51-354a-46ef-a75b-363ecb9d3a84,db1b5d07-1539-4b74-96e7-4076ce318112,500,f,,,2026-02-26 07:45:56.141009+00
2d259019-d203-4009-a598-33c8a9e31582,4f400c51-354a-46ef-a75b-363ecb9d3a84,4ce9f794-82a0-4353-bcc6-795daab99f18,500,f,,,2026-02-26 07:48:28.456524+00
5cb4ced9-c617-4e5e-b1f6-5c87a8cbeb45,4f400c51-354a-46ef-a75b-363ecb9d3a84,d67bcef6-e6b1-48bf-90a6-c43fc67baa73,500,f,,,2026-02-26 07:50:44.041759+00
5d5c7ba9-d1f7-4eb8-a1b4-a6de9f98f6a1,4f400c51-354a-46ef-a75b-363ecb9d3a84,9e390d3a-4078-430b-aa6b-fdca8670bb34,500,f,,,2026-02-26 07:53:15.995394+00
2608395d-2b5e-4a78-826c-d32f5b1ec19b,4f400c51-354a-46ef-a75b-363ecb9d3a84,e06949cc-8b06-4d00-9a3a-a7cdd2830203,500,f,,,2026-02-26 07:55:19.546191+00
06835733-b35f-4c44-a0af-0928bc72debe,4f400c51-354a-46ef-a75b-363ecb9d3a84,73131541-39cf-459f-a34c-2ab635a26387,500,f,,,2026-02-26 07:57:22.555338+00
694e92af-0650-40cf-b443-b8b543bb01c4,4f400c51-354a-46ef-a75b-363ecb9d3a84,bbdb0bf2-f659-48fd-b094-ea2d7c3d802e,500,f,,,2026-02-26 07:59:23.717152+00
a0917b20-ef3b-468c-8643-432cf60f5f46,4f400c51-354a-46ef-a75b-363ecb9d3a84,f067ebd0-71b5-4053-b5df-7c982ef2c18a,500,f,,,2026-02-26 08:01:50.146482+00
4e2c6b95-f0f9-41d7-bb34-f92f3ef52650,4f400c51-354a-46ef-a75b-363ecb9d3a84,1b0d8f42-73c0-42bc-a2ef-faac38d55c6b,500,f,,,2026-02-26 09:42:43.777863+00
e1d0ef7f-b867-4068-b42e-0c4a2ab4151d,4f400c51-354a-46ef-a75b-363ecb9d3a84,92ce2570-bb78-4cf4-96bd-85c15c222c6d,500,f,,,2026-02-26 09:44:27.122064+00
81d9eb02-24e7-4680-887b-6b841413e9d2,4f400c51-354a-46ef-a75b-363ecb9d3a84,104a1747-f2d9-4079-bba4-2cf313e21440,500,f,,,2026-02-26 09:47:03.632467+00
87fe819b-15ae-4ffc-9af6-022a13b6f86f,4f400c51-354a-46ef-a75b-363ecb9d3a84,1b679488-f156-4df0-a2ed-db006bdf7f5f,500,f,,,2026-02-26 09:50:06.745347+00
f9d8a5a6-e380-49c7-9745-47bebed80b94,4f400c51-354a-46ef-a75b-363ecb9d3a84,f34ceacd-ab74-483d-b1fd-cc5f83f2f755,500,f,,,2026-02-26 09:52:50.580364+00
e2bc0694-0e5e-45d5-bbf9-4d41ab7d6d35,4f400c51-354a-46ef-a75b-363ecb9d3a84,184dcd8f-7210-4670-8b8a-a6a9afd17907,500,f,,,2026-02-26 09:54:54.28812+00
0bc567ef-715b-457f-b146-1beb8c011349,4f400c51-354a-46ef-a75b-363ecb9d3a84,bbd10110-43f9-4a4b-b886-605d53f79329,500,f,,,2026-02-26 09:57:10.051628+00
33d4c1aa-1b8d-45af-9e52-03d726b38153,4f400c51-354a-46ef-a75b-363ecb9d3a84,7be0bcb3-9100-4e08-8fe0-12d22ba11ef3,500,f,,,2026-02-26 10:00:07.676921+00
7e3b0ad5-538b-4dea-b149-cd4d97a2c9ae,4f400c51-354a-46ef-a75b-363ecb9d3a84,bd8e01e9-ece3-4896-bdcf-9a2cd55f5b4b,500,f,,,2026-02-26 10:02:14.800576+00
f6b22867-7caf-4d38-bdc1-289ff22f9b2c,4f400c51-354a-46ef-a75b-363ecb9d3a84,3dfd50b4-6fc2-42c9-9e91-433ee7f09e86,500,f,,,2026-02-27 06:53:54.982923+00
70d102f1-e86d-415d-8f83-aa9cc33193b4,4f400c51-354a-46ef-a75b-363ecb9d3a84,7ebd2f9f-7903-4fae-85ca-a5d13598e48d,500,f,,,2026-02-27 06:55:53.826129+00
d0226fee-9cd0-4350-b68b-5c7f7cdfa4a2,4f400c51-354a-46ef-a75b-363ecb9d3a84,65c76da9-0134-4f8c-8cca-417a306bcb57,500,f,,,2026-02-27 06:58:26.869894+00
6f563ddf-7575-4311-9754-74684b458e67,4f400c51-354a-46ef-a75b-363ecb9d3a84,8c571c8c-fdef-4538-949c-ce6990d4d353,500,f,,,2026-02-27 07:00:35.640557+00
fdf7479d-0587-4eeb-8030-be0b704dd89b,4f400c51-354a-46ef-a75b-363ecb9d3a84,1cb242b7-7707-4a4f-9c33-d05c8372703d,500,f,,,2026-02-27 07:02:52.009165+00
9c168977-c962-4c17-b021-8ca2d8fa8a14,4f400c51-354a-46ef-a75b-363ecb9d3a84,c64b7113-2b9d-44c5-9e3e-b797d9f07528,500,f,,,2026-02-27 07:05:06.560662+00
6ee71171-9661-4529-a110-88090837abee,4f400c51-354a-46ef-a75b-363ecb9d3a84,310dca36-9923-4dde-8541-4a3f610f6a5a,500,f,,,2026-02-27 07:07:52.443082+00
4be54ae6-40df-4cd1-b7e6-5c204e962384,4f400c51-354a-46ef-a75b-363ecb9d3a84,237716a5-bd59-4d62-96a7-c6c3d4fb3935,500,f,,,2026-02-27 07:11:10.064663+00
bbd8da90-4ac7-4c73-9d62-c8679d9b037f,4f400c51-354a-46ef-a75b-363ecb9d3a84,1873509e-efc9-405f-8f77-52048a97efda,500,f,,,2026-02-27 07:13:07.325944+00
41ae476b-ef1f-4d4c-81d2-162963fc8f10,7ff2d051-9cb5-45d2-983b-014b2ac9dfeb,c062c3ce-a0f0-4365-abd3-7da49b3d09f9,500,f,,,2026-02-27 09:07:16.504221+00
ac372424-b10c-45ff-a5ca-2f67d6493ad0,7ff2d051-9cb5-45d2-983b-014b2ac9dfeb,75bef953-bc86-4225-af1e-a985f2ae79fc,500,f,,,2026-02-27 21:19:56.837237+00
4486d300-f3d9-482e-bf39-b4de8cb14cf4,7ff2d051-9cb5-45d2-983b-014b2ac9dfeb,cdc806fa-9827-4317-abf5-477fde0e82f8,500,f,,,2026-02-27 21:38:37.469203+00
7b5bff44-b8ac-4630-8605-e89532680140,7ff2d051-9cb5-45d2-983b-014b2ac9dfeb,97efe255-b59c-4c05-944d-8294814a213e,500,f,,,2026-02-27 21:45:52.512613+00
7d30ec2c-316c-40ec-8bdd-0b60a37c42c8,7ff2d051-9cb5-45d2-983b-014b2ac9dfeb,da0adf8b-3a53-4760-8c7d-17f566671752,500,f,,,2026-02-27 22:02:59.154457+00
4a429110-b75c-4410-a2a1-1f0ece766a53,7ff2d051-9cb5-45d2-983b-014b2ac9dfeb,4fc27fd0-79ab-4638-8d60-2597ebd8754a,500,f,,,2026-02-27 22:35:00.413176+00
1b4606ac-196e-4fcf-97ae-545fa4b78415,7ff2d051-9cb5-45d2-983b-014b2ac9dfeb,f10f6cef-b555-4219-bdeb-986a7c7a1a40,500,f,,,2026-02-28 07:02:37.461627+00
69d5c767-6b74-46d8-b8ff-f3f3845f6da7,7ff2d051-9cb5-45d2-983b-014b2ac9dfeb,71a2ae5c-5c6f-4d86-b1fb-92bcf8a39aa0,500,f,,,2026-02-28 12:52:05.723637+00
dee125d3-fb7d-4cf0-8635-e2410caac191,7ff2d051-9cb5-45d2-983b-014b2ac9dfeb,e44134a2-c3a1-47cd-9999-5c71a5a266a3,500,f,,,2026-02-28 21:30:30.240081+00
575cd629-16f1-493e-966c-46d3a175413f,4f400c51-354a-46ef-a75b-363ecb9d3a84,82c8ff29-7b00-4942-996e-33632f27ab8f,500,f,,,2026-03-02 10:32:50.735215+00
25e122a3-b80d-44ef-a4e0-7fcf32491a32,4f400c51-354a-46ef-a75b-363ecb9d3a84,cf9f5150-c3d3-4150-a4ba-e0cebccb2d04,500,f,,,2026-03-02 10:34:36.081177+00
85f67edd-2c18-411a-9b32-2d03c092ec1f,4f400c51-354a-46ef-a75b-363ecb9d3a84,cda9d63e-3ce2-4215-b366-b59e863802b2,500,f,,,2026-03-02 10:36:25.162227+00
80117858-43e1-472d-aa86-e6b989d2f5d0,4f400c51-354a-46ef-a75b-363ecb9d3a84,0a48bc7d-2103-4bef-8378-415080edd1e7,500,f,,,2026-03-02 10:38:05.02135+00
c65f4b43-d406-420a-8b37-07fa8edb96f1,4f400c51-354a-46ef-a75b-363ecb9d3a84,5d1543bf-e856-453a-bbe0-1ddb87b182ac,500,f,,,2026-03-02 10:40:04.755297+00
9854c348-0c8c-490d-94d9-19dd24512a27,4f400c51-354a-46ef-a75b-363ecb9d3a84,ac61b503-e761-4421-bd84-465c25ec7cf0,500,f,,,2026-03-02 10:41:56.729372+00
9e0b1c5f-9a9f-461e-b035-577c7543f6f7,4f400c51-354a-46ef-a75b-363ecb9d3a84,1080cd85-ce75-47c6-85eb-71b8cfc92789,500,f,,,2026-03-02 10:44:03.621643+00
839bf053-a12c-4ea2-973e-91e7d9ddf281,4f400c51-354a-46ef-a75b-363ecb9d3a84,16429012-9f8f-4624-b017-35c0f286d4af,500,f,,,2026-03-02 10:46:07.489648+00
cfc89255-ede1-4c11-8294-91368e1354f3,4f400c51-354a-46ef-a75b-363ecb9d3a84,db92180a-104d-42fc-a407-5899aa8dfb76,500,f,,,2026-03-02 10:49:38.458144+00
d7f2e473-8f70-4f78-abfd-46361b6412bb,4f400c51-354a-46ef-a75b-363ecb9d3a84,52e4f01a-3472-44f0-8af4-ea90a5ff7189,500,f,,,2026-03-02 10:51:25.802755+00
5be6fe8d-99ff-4473-a89b-5131657f7724,4f400c51-354a-46ef-a75b-363ecb9d3a84,7cd5c3c8-0617-4d8a-b528-12047bc73366,500,f,,,2026-03-02 10:53:22.706767+00
796a2142-5d97-421e-9afb-c13cdf263276,4f400c51-354a-46ef-a75b-363ecb9d3a84,35d3a2ea-41c8-4531-81ab-6d3631248ab2,500,f,,,2026-03-02 10:55:06.755264+00
cc201b5a-a2d7-4da0-9ec1-9cfd948abf9d,4f400c51-354a-46ef-a75b-363ecb9d3a84,7d6c5f03-3ed3-4856-95a8-460171d26d2d,500,f,,,2026-03-02 10:57:11.735054+00
f8f9d40b-c76f-43f0-9272-85a1588b9851,4f400c51-354a-46ef-a75b-363ecb9d3a84,6f428599-aa83-438c-8c38-ff49921f48a1,500,f,,,2026-03-02 11:01:31.868818+00
cc37997d-72f6-4943-ace7-ca3e7ce2f8c8,4f400c51-354a-46ef-a75b-363ecb9d3a84,ac5d8c09-486f-432f-8c75-e30c53db8196,500,f,,,2026-03-02 11:03:21.549235+00
d28bcb18-fecc-451b-bc03-18bf2463181a,4f400c51-354a-46ef-a75b-363ecb9d3a84,e9e04366-b19a-4e5b-9a7f-c8ff159a7cc9,500,f,,,2026-03-02 11:05:19.188047+00
34a54af0-ec9f-425f-89c1-5b15782caaf3,4f400c51-354a-46ef-a75b-363ecb9d3a84,e97aa074-e10f-4731-9b25-11e7cc81cbc7,500,f,,,2026-03-02 11:07:10.089624+00
cd00957b-9731-43e0-a2f6-31e95678979b,4f400c51-354a-46ef-a75b-363ecb9d3a84,91122a22-eb2d-4730-99f8-9d49d1bea6ec,500,f,,,2026-03-02 11:09:12.517634+00
06f18676-5a35-4aa3-9008-d3741d127076,4f400c51-354a-46ef-a75b-363ecb9d3a84,948c57d2-030b-4205-b38b-b7e1e533f33c,500,f,,,2026-03-02 11:15:36.058209+00
d9221743-1a52-433f-b0de-e92b02eca328,4f400c51-354a-46ef-a75b-363ecb9d3a84,01929f55-2184-4e7a-ba95-90a6ebdf69a2,500,f,,,2026-03-02 11:17:33.576208+00
7c6d655b-09db-462b-a797-bdfeb027b37f,b4d7c324-1f7e-4e1c-91a8-3f0e10e0b25c,70665676-0423-432c-b498-c81b714df09b,500,f,,,2026-03-05 06:57:12.209679+00
6f2e6a30-df7c-4569-8d63-a5cdb3da387a,b4d7c324-1f7e-4e1c-91a8-3f0e10e0b25c,48c687b9-4691-4a4f-b7f4-dc54a2fe029c,500,f,,,2026-03-05 09:21:03.714974+00
ac9970d7-e0ca-4675-8b3a-7a240722796e,b4d7c324-1f7e-4e1c-91a8-3f0e10e0b25c,20bedaf6-2585-42c4-aad7-f8eaf58043fe,500,f,,,2026-03-05 13:07:12.909135+00
e1ed8d29-03eb-4479-b637-e4fa5c3b783d,b4d7c324-1f7e-4e1c-91a8-3f0e10e0b25c,20257259-8441-405a-aab9-8edac8f4eb6e,500,f,,,2026-03-06 06:53:57.506237+00
f3ebd92f-a7ec-4b6d-ae64-649db4ad5ec8,b4d7c324-1f7e-4e1c-91a8-3f0e10e0b25c,24b115d5-25ba-4cce-8b3b-2fa99ec93bc8,500,f,,,2026-03-06 07:44:51.484437+00
dcfc62ab-0a3a-402c-b115-11d6d21fb542,b4d7c324-1f7e-4e1c-91a8-3f0e10e0b25c,c66c0771-3635-4180-8404-089b48e6b559,500,f,,,2026-03-06 09:29:03.345509+00
a6c2f1af-3e3d-477f-994f-1a66af30edb5,b4d7c324-1f7e-4e1c-91a8-3f0e10e0b25c,4076623a-12fd-4fa6-aece-f6f61cc93b4d,500,f,,,2026-03-06 10:30:55.255806+00
4dc505e3-25e4-4f20-9826-9c8cbd1b7a19,b4d7c324-1f7e-4e1c-91a8-3f0e10e0b25c,2119c240-f8cc-495c-a72c-1f26ebf439e8,500,f,,,2026-03-06 11:12:26.62238+00
43069435-344f-4e23-8692-3b667a2a8a8b,b4d7c324-1f7e-4e1c-91a8-3f0e10e0b25c,299622b6-5bb4-40db-b33a-66584cad4a85,500,f,,,2026-03-06 12:06:11.581485+00
08bd0abd-c066-49fa-950e-0c765c6571d2,b4d7c324-1f7e-4e1c-91a8-3f0e10e0b25c,5f029096-a412-4fb9-9286-306862e7ee41,500,f,,,2026-03-06 12:36:40.231442+00
9eed66c7-f09c-4581-ad15-47d14c084a45,0b109aad-212a-4fd0-ab03-3d7aee9cf397,92b6e458-7de5-42b8-b3dc-c0d2136bc8f0,500,f,,,2026-03-06 12:47:18.062501+00
9c69e4d6-5295-4c6a-8b9a-fbd8a786a450,0b109aad-212a-4fd0-ab03-3d7aee9cf397,845c80b5-0a09-4a99-b5e2-7240dc87b283,500,f,,,2026-03-06 13:14:57.853792+00
0f6f286c-5932-4a3f-999a-7db194ac904e,0b109aad-212a-4fd0-ab03-3d7aee9cf397,02f7f440-3f0f-4260-9e24-5159e4ab9ff2,500,f,,,2026-03-06 13:30:15.530452+00
cfd50008-eb92-479b-a46b-0834147facdb,0b109aad-212a-4fd0-ab03-3d7aee9cf397,c405874e-112e-406d-bb05-646c6399451d,500,f,,,2026-03-06 13:55:28.570789+00
c831920a-0915-4566-845f-048baeaf1180,0b109aad-212a-4fd0-ab03-3d7aee9cf397,d31f9249-5b00-4bc0-b775-b34c342667c8,500,f,,,2026-03-06 14:05:28.843909+00
dd928584-7910-4652-b4d1-ef938be4321e,0b109aad-212a-4fd0-ab03-3d7aee9cf397,8524cf46-dc13-420b-9cf9-f3b4c4c1182f,500,f,,,2026-03-06 14:21:36.259931+00
8a579b7b-c2f2-48b8-85b5-a48a6124928a,0b109aad-212a-4fd0-ab03-3d7aee9cf397,98adc112-9b22-4c22-8ba1-8f41f7982cae,500,f,,,2026-03-06 14:43:45.434849+00
df80fc41-7a42-4e1b-8f3f-48c6a40a7b31,b4d7c324-1f7e-4e1c-91a8-3f0e10e0b25c,0c0b9843-b5e8-4960-9785-d8cd0cbcde23,500,f,,,2026-03-09 05:10:47.206889+00
74a0518f-6f3f-4843-b0ae-8d0de57ddef9,b4d7c324-1f7e-4e1c-91a8-3f0e10e0b25c,6496777f-3cca-4adc-8b01-086ed7c17ceb,500,f,,,2026-03-09 06:07:03.926199+00
236d1676-4e18-4ccf-9b08-653d95f2554b,f88bec6b-01ea-4c68-822a-96b0d79d93f6,ea3011d6-6d15-4ae9-9f89-871caea09cf1,500,f,,,2026-03-09 08:35:04.662158+00
82168e40-7e9b-4de7-8c63-ac6859118aaf,b4d7c324-1f7e-4e1c-91a8-3f0e10e0b25c,8bc70c22-cf2c-4002-83da-cebb7f8198ee,500,f,,,2026-03-09 10:29:09.131883+00
84769f06-dab9-409b-b770-ed302fba62c4,b4d7c324-1f7e-4e1c-91a8-3f0e10e0b25c,475c6ccb-166c-41cd-b2a8-386c99777138,500,f,,,2026-03-09 10:50:07.051531+00
2cddbbc0-a72e-4f71-8c19-f1d451bfe9e1,b4d7c324-1f7e-4e1c-91a8-3f0e10e0b25c,da7dfe29-7091-4716-8ebc-9e1437e4711f,500,f,,,2026-03-09 11:19:06.197819+00
017d7a2c-4fcd-40d6-bf4f-4268a5fea696,b4d7c324-1f7e-4e1c-91a8-3f0e10e0b25c,b0efbbe6-197d-477c-b8a0-cff02b951724,500,f,,,2026-03-09 11:34:47.377225+00
16657acc-3ae4-4c83-b9fe-a30516c7573e,b4d7c324-1f7e-4e1c-91a8-3f0e10e0b25c,5f277e34-a830-4ebb-8680-c0c074b279da,500,f,,,2026-03-09 13:29:40.471655+00
711baaac-c4a7-48a4-82d8-e6e56ce5717c,b4d7c324-1f7e-4e1c-91a8-3f0e10e0b25c,ae194750-4827-47e8-839e-5e772565138b,500,f,,,2026-03-09 13:40:06.172076+00
7c335959-4980-4046-8585-921337b922f4,b4d7c324-1f7e-4e1c-91a8-3f0e10e0b25c,6b7d9eee-4bc8-47ac-a2e6-b84cbaac8bb4,500,f,,,2026-03-09 14:13:18.977925+00
e96a0df3-f30a-455e-b899-3a0cb79e63ba,b4d7c324-1f7e-4e1c-91a8-3f0e10e0b25c,75cd0f60-5cce-4052-9d68-48641cf01918,500,f,,,2026-03-10 10:51:02.010477+00
8814b634-ca26-40a2-a56c-f720c5c7a71e,b4d7c324-1f7e-4e1c-91a8-3f0e10e0b25c,16d52ad2-92e0-4348-af46-17612afa4d49,500,f,,,2026-03-10 10:51:23.492899+00
973782a1-959c-42da-b608-5db323df0537,b4d7c324-1f7e-4e1c-91a8-3f0e10e0b25c,419df5ae-4f2d-4670-97a5-21545dd955b0,500,f,,,2026-03-10 12:55:09.523785+00
94b49213-524a-46a1-a478-c8c0e3989f64,0b109aad-212a-4fd0-ab03-3d7aee9cf397,2444a342-b4a0-4fa5-a6ef-6b7696ca1d39,500,f,,,2026-03-11 11:20:55.869359+00
bf799014-b782-4cb4-a660-c93fd405a54d,0b109aad-212a-4fd0-ab03-3d7aee9cf397,8c7949ea-bf16-431e-8b59-103235fd8b96,500,f,,,2026-03-11 13:40:30.360051+00
95643df4-2a69-449a-83c1-c8cd883fadf9,0b109aad-212a-4fd0-ab03-3d7aee9cf397,4fdabda8-468d-46dd-a3d8-55aa977143ff,500,f,,,2026-03-11 13:49:01.580764+00
3226b5be-f79b-450c-9b60-17d1c3d99d3c,0b109aad-212a-4fd0-ab03-3d7aee9cf397,a880c457-8845-4436-871c-cd22a1eed36a,500,f,,,2026-03-11 14:06:34.292822+00
bbee2e02-2cad-4073-b07f-16fcda838a6d,0b109aad-212a-4fd0-ab03-3d7aee9cf397,64b9d940-a123-4d3f-b26f-c12adad95419,500,f,,,2026-03-12 07:18:12.727287+00
c98de231-6596-4379-9b26-dadc3db95d45,b4d7c324-1f7e-4e1c-91a8-3f0e10e0b25c,a6a62d30-a0a0-435b-92d6-e3310e110a42,500,f,,,2026-04-08 13:19:47.324883+00
38ee1b96-350a-472c-a6e0-96fded6a78a4,b4d7c324-1f7e-4e1c-91a8-3f0e10e0b25c,c6e0137b-3356-4a18-a920-e9964a15400a,500,f,,,2026-04-08 13:22:22.450992+00
e41ce928-32a8-4f9a-9cb7-9ccfef6aa1bd,b4d7c324-1f7e-4e1c-91a8-3f0e10e0b25c,65f4c904-bf11-4eb0-8ffd-6b4db6e9a473,500,f,,,2026-04-08 13:23:48.613655+00
7cd21f89-260d-414d-a2fa-a03df3ab19ec,b4d7c324-1f7e-4e1c-91a8-3f0e10e0b25c,41a36648-69f3-413b-b52d-b92cb0b320fe,500,f,,,2026-04-08 13:25:16.772683+00
f9bf5d55-247a-468d-a07b-4343b2977bec,0b109aad-212a-4fd0-ab03-3d7aee9cf397,32dad13a-5802-4ec5-ac81-0d963e421eaa,500,f,,,2026-04-08 13:38:46.063876+00
2a61fc93-2e2f-43b3-9bc1-df13280fa4c0,b4d7c324-1f7e-4e1c-91a8-3f0e10e0b25c,7ec096c2-c17b-442a-97b8-6e3c50160c8d,500,f,,,2026-04-08 13:57:55.419156+00
92c9d42e-8061-435f-9e2b-5e3ea96c175d,b4d7c324-1f7e-4e1c-91a8-3f0e10e0b25c,104bf025-579e-48bf-ba9e-4bf564098e42,500,f,,,2026-04-08 13:58:26.048488+00
e90c5e42-2b1b-4a6b-bf59-432c2dab1292,b4d7c324-1f7e-4e1c-91a8-3f0e10e0b25c,ae6ff9e2-9a36-4747-8bbd-7c1703a9f394,500,f,,,2026-04-08 14:17:04.176276+00
7e1b129e-5bd4-4943-a0f2-cf119266307d,0b109aad-212a-4fd0-ab03-3d7aee9cf397,dade8610-5749-469d-90ab-37ad4f8310b4,500,f,,,2026-04-09 06:16:11.148031+00
3f8e0786-2ac7-45ec-b866-3eb0d8547b6f,0b109aad-212a-4fd0-ab03-3d7aee9cf397,7b5287ac-9a91-4a23-b709-f31c0a955af7,500,f,,,2026-04-09 06:22:18.042663+00
b87a59bc-8ac1-4f69-9891-21ed1eb18a47,0b109aad-212a-4fd0-ab03-3d7aee9cf397,1a9fb6df-9a38-487b-a2bd-f014c45807f2,500,f,,,2026-04-09 06:42:00.197496+00
487a3060-b55e-4d0d-8487-8d2c42dd06eb,0b109aad-212a-4fd0-ab03-3d7aee9cf397,52645ed0-fbcb-4644-acbe-3f562e101c20,500,f,,,2026-04-09 09:02:28.964083+00
3e1f009f-bccc-44b6-a1ce-e89d59f0a5f7,0b109aad-212a-4fd0-ab03-3d7aee9cf397,e79fb10b-4528-4c5f-8cfb-7c3260d5f963,500,f,,,2026-04-09 09:02:48.476881+00
c947d4ab-af7b-4651-accc-869bc73e13ee,b4d7c324-1f7e-4e1c-91a8-3f0e10e0b25c,63ecf4ac-fdd8-43ba-a09e-ca7af91c8b49,500,f,,,2026-04-09 11:01:22.588123+00
488e6ca9-ff97-4bc2-a3c3-f167fbbd04d2,0b109aad-212a-4fd0-ab03-3d7aee9cf397,3f95480f-201c-448c-9f4d-c73acd897e70,500,f,,,2026-04-09 11:33:20.297062+00
d24c5042-314f-4585-b082-be5704f42e6a,0b109aad-212a-4fd0-ab03-3d7aee9cf397,2fd1a9cd-bb89-47ae-ad24-72f8bd5b2062,500,f,,,2026-04-10 06:39:57.428392+00
ad7586eb-d3d4-4060-bc7f-ca21352a3ea8,0b109aad-212a-4fd0-ab03-3d7aee9cf397,3f0eb1bb-cf21-4c98-a6e3-5cd145f13b99,500,f,,,2026-04-10 12:38:42.691564+00
88b46d88-3f8e-4f77-968b-dffc595fa8c7,0b109aad-212a-4fd0-ab03-3d7aee9cf397,9e0d2dc0-5298-445f-a8f0-880a4f38b4e1,500,f,,,2026-04-13 08:59:29.585098+00
